imdbid,land
tt0008677,United States
tt0009700,United States
tt0014547,United States
tt0014606,United States
tt0019004,United States
tt0019760,Soviet Union
tt0020481,United States
tt0020503,United States
tt0022802,United States
tt0023158,United States
tt0023293,United States
tt0023594,United States
tt0024671,Mexico
tt0025048,United States
tt0025896,United Kingdom
tt0026264,United States
tt0026663,United States
tt0027221,United States
tt0027349,United States
tt0028767,United Kingdom
tt0030871,Germany
tt0031210,United States
tt0031593,United States
tt0031885,France
tt0032383,United States
tt0032566,United States
tt0032599,United States
tt0032617,United States
tt0033616,United States
tt0034389,United States
tt0034587,United States
tt0036324,United States
tt0036439,United States
tt0036723,United States
tt0036745,United States
tt0037378,United States
tt0038174,United States
tt0038289,United Kingdom
tt0038452,United States
tt0038453,United States
tt0038455,United States
tt0038958,United States
tt0038988,United States
tt0039302,United States
tt0040270,United States
tt0040725,United Kingdom
tt0040853,Sweden
tt0041154,Japan
tt0041430,United States
tt0041627,United Kingdom
tt0041699,Japan
tt0042379,United States
tt0043084,France
tt0043208,United States
tt0044098,West Germany
tt0045129,United States
tt0045300,United States
tt0046036,United States
tt0046874,United States
tt0046928,United States
tt0047505,United Kingdom
tt0047505,United States
tt0047628,Soviet Union
tt0048316,United States
tt0048317,United States
tt0049452,United States
tt0049761,Egypt
tt0049854,United Kingdom
tt0049873,United States
tt0050099,United Kingdom
tt0050099,United States
tt0050233,United Kingdom
tt0050658,United States
tt0051459,United States
tt0051604,France
tt0051702,United Kingdom
tt0051702,United States
tt0051732,United States
tt0051744,United States
tt0052295,West Germany
tt0052295,France
tt0052295,Italy
tt0052964,France
tt0053114,Japan
tt0053361,United Kingdom
tt0053750,United States
tt0054022,United States
tt0056586,Italy
tt0056586,France
tt0056703,United States
tt0056823,Netherlands
tt0057012,United Kingdom
tt0057012,United States
tt0057076,United Kingdom
tt0057076,United States
tt0057263,United States
tt0057379,United Kingdom
tt0057379,United States
tt0058536,United States
tt0058536,Canada
tt0058536,Japan
tt0058586,United Kingdom
tt0058586,United States
tt0058656,Hong Kong
tt0058657,United States
tt0058658,France
tt0058658,Italy
tt0059017,United States
tt0059978,United States
tt0060153,United States
tt0060492,United Kingdom
tt0060565,United States
tt0060758,Senegal
tt0060758,France
tt0061095,France
tt0061095,Spain
tt0061095,Italy
tt0061177,Japan
tt0061177,United States
tt0062369,United States
tt0062370,Italy
tt0062376,United Kingdom
tt0062467,United States
tt0062863,United Kingdom
tt0062863,United States
tt0062994,United States
tt0063069,United States
tt0063696,United States
tt0064603,United States
tt0065856,United States
tt0065955,Sweden
tt0066011,United States
tt0066343,United States
tt0066456,Canada
tt0066456,Japan
tt0066579,United Kingdom
tt0067310,West Germany
tt0067310,Italy
tt0067310,Pakistan
tt0067491,United States
tt0068205,France
tt0068612,United States
tt0068833,United States
tt0069945,United States
tt0069973,France
tt0069992,United States
tt0069995,United Kingdom
tt0069995,Italy
tt0070301,Hong Kong
tt0070640,United States
tt0070705,Hong Kong
tt0070705,United States
tt0070723,United States
tt0070778,Taiwan
tt0070778,Hong Kong
tt0070968,Japan
tt0070968,West Germany
tt0071007,United States
tt0071391,United Kingdom
tt0072157,Japan
tt0072730,United States
tt0072890,United States
tt0073155,France
tt0073155,Italy
tt0073155,West Germany
tt0073312,United States
tt0073511,United Kingdom
tt0073582,Italy
tt0074506,Taiwan
tt0074506,Hong Kong
tt0074624,Taiwan
tt0074806,France
tt0074806,Canada
tt0075529,United States
tt0076095,United States
tt0076162,Japan
tt0076519,Hong Kong
tt0076716,United Kingdom
tt0076823,Italy
tt0077290,Hong Kong
tt0077399,United States
tt0077645,Italy
tt0077645,United States
tt0077645,Hong Kong
tt0077831,Hong Kong
tt0077975,United States
tt0078397,Yugoslavia
tt0078771,France
tt0079027,United States
tt0079483,Hong Kong
tt0079489,United States
tt0079588,United Kingdom
tt0079588,United States
tt0079803,Taiwan
tt0082235,United States
tt0082329,United States
tt0082468,United States
tt0082477,United Kingdom
tt0082562,Italy
tt0083542,United States
tt0083722,United States
tt0083791,United Kingdom
tt0083791,United States
tt0084922,Hong Kong
tt0085303,Italy
tt0085496,Spain
tt0086050,United States
tt0086439,United States
tt0086491,United States
tt0086525,United States
tt0087182,United States
tt0087182,Mexico
tt0087233,United States
tt0087317,West Germany
tt0087644,United States
tt0087650,Soviet Union
tt0087985,United States
tt0088271,West Germany
tt0088271,Austria
tt0089482,Hong Kong
tt0089606,Sweden
tt0089893,United States
tt0089893,Netherlands
tt0089893,Italy
tt0090490,United States
tt0091027,United States
tt0091223,United States
tt0092045,Australia
tt0092106,United States
tt0092106,Japan
tt0092359,United States
tt0092718,United States
tt0092718,Indonesia
tt0092830,Australia
tt0092830,United States
tt0092831,United Kingdom
tt0092831,Spain
tt0092831,United States
tt0093374,West Germany
tt0093374,France
tt0093605,United States
tt0094321,United States
tt0094535,United Kingdom
tt0094924,Australia
tt0094924,United Kingdom
tt0094924,United States
tt0095088,United States
tt0095467,Poland
tt0095491,Hong Kong
tt0095803,United States
tt0095963,United States
tt0096236,Hong Kong
tt0096267,United States
tt0096463,United States
tt0097778,United States
tt0098072,Italy
tt0098206,United States
tt0098273,United States
tt0098477,West Germany
tt0098532,Finland
tt0098532,Sweden
tt0098994,United States
tt0099363,United States
tt0099364,United States
tt0099472,France
tt0099472,United States
tt0099472,United Kingdom
tt0099474,United States
tt0099810,United States
tt0099817,United States
tt0099819,United States
tt0099975,Hong Kong
tt0100050,United States
tt0100605,Hong Kong
tt0100967,Hong Kong
tt0101169,United States
tt0101276,United Kingdom
tt0101276,France
tt0101660,United States
tt0101664,United States
tt0101921,United States
tt0102286,Hong Kong
tt0102343,United States
tt0102492,United States
tt0102958,Mexico
tt0103039,United States
tt0103352,Canada
tt0103905,Belgium
tt0104036,United Kingdom
tt0104036,Japan
tt0104054,United States
tt0104070,United States
tt0104662,Argentina
tt0104662,Canada
tt0104765,United States
tt0105592,Canada
tt0105592,United States
tt0105811,United States
tt0105903,China
tt0105903,Hong Kong
tt0105903,Taiwan
tt0106052,United States
tt0106053,United States
tt0106664,United States
tt0106941,United States
tt0107438,United States
tt0107473,United States
tt0108327,United States
tt0108551,United States
tt0109078,United States
tt0109307,United States
tt0109307,Japan
tt0109542,Romania
tt0109542,USA
tt0109550,Russia
tt0109550,United Kingdom
tt0109551,Canada
tt0109962,Hong Kong
tt0109965,United States
tt0109965,Japan
tt0110093,United States
tt0110391,United States
tt0110395,United States
tt0110613,United States
tt0110852,Hong Kong
tt0110982,United States
tt0111495,France
tt0111495,Switzerland
tt0111495,Poland
tt0111662,Hong Kong
tt0111727,USA
tt0112572,United States
tt0112606,United States
tt0113198,United States
tt0113198,Australia
tt0113198,France
tt0113198,Canada
tt0113198,Spain
tt0113356,Hong Kong
tt0113416,United States
tt0113703,Japan
tt0113729,United States
tt0114095,United States
tt0114188,United States
tt0114614,United States
tt0114781,United States
tt0115151,United States
tt0116030,United States
tt0116242,United States
tt0116414,United States
tt0116621,United States
tt0116743,United Kingdom
tt0116743,India
tt0116743,Japan
tt0116743,Germany
tt0116743,United States
tt0117891,United States
tt0117905,Hong Kong
tt0117911,United States
tt0118159,Canada
tt0118159,United States
tt0118491,United Kingdom
tt0118556,United States
tt0118694,Hong Kong
tt0118694,France
tt0118843,France
tt0118843,Germany
tt0118843,Federal Republic of Yugoslavia
tt0118843,Austria
tt0118843,Greece
tt0118929,Australia
tt0118929,United States
tt0118930,United States
tt0118930,Canada
tt0118930,Federal Republic of Yugoslavia
tt0119174,United States
tt0119572,United States
tt0119574,United Kingdom
tt0119574,Canada
tt0119574,Italy
tt0119577,United Kingdom
tt0119577,France
tt0119577,Japan
tt0119577,United States
tt0120689,United States
tt0120863,United States
tt0120885,United States
tt0123324,United States
tt0124315,United States
tt0124718,United States
tt0126698,Canada
tt0126916,United States
tt0127760,United States
tt0129023,United States
tt0133011,Brazil
tt0134858,United States
tt0137330,United States
tt0138097,United Kingdom
tt0138097,United States
tt0140745,United States
tt0141006,Canada
tt0141006,USA
tt0141006,Hong Kong
tt0142032,United States
tt0142032,Canada
tt0142032,Germany
tt0142032,Czech Republic
tt0143940,West Germany
tt0144201,France
tt0149593,United States
tt0150662,Sweden
tt0150662,Denmark
tt0153080,United States
tt0156812,United States
tt0160910,USA
tt0161191,United Kingdom
tt0165247,Hong Kong
tt0165247,South Korea
tt0165727,Taiwan
tt0165798,France
tt0165798,Germany
tt0165798,United States
tt0165798,Japan
tt0166252,United States
tt0167400,Turkey
tt0168629,Denmark
tt0168629,Germany
tt0168629,Netherlands
tt0168629,Italy
tt0168629,United States
tt0168629,United Kingdom
tt0168629,France
tt0168629,Sweden
tt0168629,Finland
tt0168629,Iceland
tt0168629,Norway
tt0172184,United States
tt0172184,Bulgaria
tt0172493,United States
tt0172493,Germany
tt0175142,United States
tt0185371,United States
tt0186619,Japan
tt0186726,United States
tt0188453,United Kingdom
tt0188453,United States
tt0188863,United States
tt0189649,United States
tt0190332,China
tt0190332,Taiwan
tt0190332,Hong Kong
tt0190332,United States
tt0190641,Japan
tt0190829,United States
tt0197951,Canada
tt0199725,United States
tt0199727,United Kingdom
tt0199753,United States
tt0199753,Australia
tt0201992,Hong Kong
tt0202109,Taiwan
tt0202880,Japan
tt0203233,Hong Kong
tt0203523,United States
tt0204709,France
tt0204709,Switzerland
tt0204709,Belgium
tt0204709,Luxembourg
tt0204993,United States
tt0204993,Canada
tt0206080,United States
tt0206516,Japan
tt0208003,Germany
tt0208003,United States
tt0210234,Japan
tt0210234,United States
tt0211042,Italy
tt0211042,Thailand
tt0212558,Soviet Union
tt0219374,United States
tt0220880,United States
tt0220880,China
tt0220880,Canada
tt0220880,Taiwan
tt0220880,Spain
tt0221023,United States
tt0221218,United States
tt0224626,United States
tt0228183,United States
tt0234137,United States
tt0234137,Canada
tt0235327,United States
tt0240793,Romania
tt0240793,United States
tt0243255,France
tt0243255,Italy
tt0244479,Czech Republic
tt0244479,United Kingdom
tt0244479,Germany
tt0244479,Denmark
tt0244479,Italy
tt0244479,France
tt0244479,United States
tt0248555,United States
tt0251736,United States
tt0257106,United States
tt0259054,United States
tt0259656,United States
tt0262287,India
tt0262830,United States
tt0263074,Turkey
tt0263975,Turkey
tt0264796,United States
tt0265208,United States
tt0266987,United States
tt0266987,Germany
tt0266987,Japan
tt0266987,France
tt0266987,United Kingdom
tt0269217,Thailand
tt0270480,Spain
tt0270480,Italy
tt0270480,Portugal
tt0270480,France
tt0271111,UK
tt0272338,United States
tt0273689,Denmark
tt0273689,France
tt0273689,Canada
tt0273689,Spain
tt0273689,United States
tt0273689,Japan
tt0273689,Sweden
tt0273689,United Kingdom
tt0273689,Italy
tt0273689,Germany
tt0273689,Netherlands
tt0274965,United States
tt0275277,Japan
tt0275277,United States
tt0277371,United States
tt0277657,United States
tt0279113,United States
tt0279113,Germany
tt0279113,Netherlands
tt0279331,United Kingdom
tt0279331,Germany
tt0279331,United States
tt0280609,United Kingdom
tt0280609,Luxembourg
tt0281360,USA
tt0282698,France
tt0282698,Germany
tt0282698,United States
tt0283877,USA
tt0283877,Canada
tt0284244,Germany
tt0285680,United States
tt0286788,United States
tt0286788,United Kingdom
tt0287839,Germany
tt0287839,United States
tt0289765,Germany
tt0289765,United States
tt0290326,India
tt0292945,Iran
tt0293069,United States
tt0293069,United Kingdom
tt0293069,Netherlands
tt0293715,South Korea
tt0294433,United States
tt0294433,Canada
tt0300051,United States
tt0301370,Taiwan
tt0304824,USA
tt0305669,United States
tt0306047,United States
tt0306047,Canada
tt0306841,United States
tt0308252,Canada
tt0308379,Japan
tt0309530,Germany
tt0309530,United States
tt0312528,United States
tt0312528,Canada
tt0313016,Canada
tt0313016,United Kingdom
tt0314331,United Kingdom
tt0314331,France
tt0314331,United States
tt0314405,United States
tt0315638,Mexico
tt0315983,United States
tt0317676,Germany
tt0317676,Canada
tt0317676,United States
tt0322802,United States
tt0323807,Italy
tt0323807,France
tt0323807,United Kingdom
tt0324013,United States
tt0324013,Canada
tt0325618,Canada
tt0325733,Germany
tt0327643,United States
tt0328077,United States
tt0329200,United States
tt0329200,Zambia
tt0333780,United States
tt0335119,United Kingdom
tt0335119,Luxembourg
tt0335119,France
tt0335119,Belgium
tt0335119,United States
tt0337592,United States
tt0338459,United States
tt0344160,France
tt0345591,United States
tt0345950,United States
tt0345950,Australia
tt0345950,South Korea
tt0347618,Japan
tt0349682,Germany
tt0349682,Switzerland
tt0356634,United States
tt0362120,United States
tt0364517,France
tt0364517,Belgium
tt0369226,Canada
tt0369226,Germany
tt0369226,United States
tt0369672,United States
tt0375735,United Kingdom
tt0375735,France
tt0375735,United States
tt0382189,United Kingdom
tt0382628,United States
tt0384252,Germany
tt0384629,Australia
tt0385002,United Kingdom
tt0385002,United States
tt0385004,China
tt0385004,Hong Kong
tt0385880,United States
tt0387126,United Kingdom
tt0387228,Hong Kong
tt0388980,United States
tt0388980,Canada
tt0389790,United States
tt0389790,Canada
tt0390559,India
tt0391304,United States
tt0391908,USA
tt0393735,United States
tt0393879,India
tt0397065,Australia
tt0397065,United States
tt0397113,United States
tt0397442,United States
tt0397619,South Korea
tt0398868,UK
tt0398883,Italy
tt0399060,United States
tt0401828,USA
tt0402249,Canada
tt0404220,United States
tt0404254,United States
tt0405497,China
tt0407269,United Kingdom
tt0407269,United States
tt0407658,USA
tt0408318,Denmark
tt0408318,Iceland
tt0410297,United States
tt0410297,South Korea
tt0411265,USA
tt0411267,Isle of Man
tt0411267,United Kingdom
tt0411267,United States
tt0411267,Germany
tt0412142,United States
tt0413406,Australia
tt0416675,United States
tt0416881,Japan
tt0417001,United States
tt0419198,Italy
tt0419208,Japan
tt0420252,United States
tt0420555,Italy
tt0420555,France
tt0421030,United States
tt0421239,United States
tt0421729,United States
tt0422434,Sweden
tt0422434,United Kingdom
tt0424430,Japan
tt0424873,Turkey
tt0425637,China
tt0425637,Hong Kong
tt0425637,Japan
tt0425637,Taiwan
tt0425637,South Korea
tt0425637,United States
tt0426592,United States
tt0426883,Germany
tt0426883,United States
tt0428579,United States
tt0429626,Iran
tt0431308,United States
tt0431641,Japan
tt0432402,United States
tt0433360,United States
tt0433963,United States
tt0437729,United States
tt0441834,Japan
tt0443518,United Kingdom
tt0443518,United States
tt0445094,USA
tt0445840,Hong Kong
tt0449306,India
tt0451109,United States
tt0452608,United States
tt0452608,Germany
tt0452608,United Kingdom
tt0452643,United Kingdom
tt0452643,France
tt0452971,Spain
tt0454431,India
tt0456481,India
tt0456773,Germany
tt0459945,Soviet Union
tt0460435,Luxembourg
tt0460435,United Kingdom
tt0462538,United States
tt0462667,France
tt0466342,Switzerland
tt0466342,United States
tt0466408,West Germany
tt0466408,Czechoslovakia
tt0467200,United Kingdom
tt0467200,United States
tt0468558,USA
tt0468569,United States
tt0468569,United Kingdom
tt0468644,Netherlands
tt0469318,United States
tt0477139,United States
tt0477139,United Kingdom
tt0477574,India
tt0481006,Hungary
tt0482527,United States
tt0482527,United Kingdom
tt0482527,Canada
tt0482930,Hong Kong
tt0482930,China
tt0483184,India
tt0483578,Japan
tt0484562,United States
tt0484740,United States
tt0484740,Mexico
tt0484740,United Kingdom
tt0484740,Colombia
tt0485376,United Kingdom
tt0485376,United States
tt0486651,United States
tt0490076,United States
tt0490228,USA
tt0492956,United States
tt0498483,United States
tt0757157,South Korea
tt0758740,Canada
tt0758752,United States
tt0770772,India
tt0770772,United States
tt0783238,United States
tt0784938,USA
tt0792986,France
tt0795363,Taiwan
tt0795363,China
tt0795368,Netherlands
tt0795368,United Kingdom
tt0795368,Germany
tt0795368,United States
tt0795461,United States
tt0799949,United States
tt0800027,United States
tt0803061,Australia
tt0803061,United States
tt0805564,Canada
tt0805564,United States
tt0806165,United States
tt0806165,Japan
tt0808399,United States
tt0808399,Bahrain
tt0808506,Japan
tt0809497,United States
tt0810819,United Kingdom
tt0810819,United States
tt0810819,Germany
tt0810819,Denmark
tt0810819,Belgium
tt0810819,Japan
tt0811138,United Kingdom
tt0811138,Germany
tt0811138,United States
tt0819714,United Kingdom
tt0830558,United States
tt0836641,UK
tt0836641,Sweden
tt0844708,United States
tt0844708,United Kingdom
tt0844708,South Africa
tt0846308,United States
tt0846308,Canada
tt0852705,USA
tt0852713,United States
tt0854678,United States
tt0856262,China
tt0873886,United States
tt0877057,Japan
tt0879870,United States
tt0883398,United States
tt0899106,United States
tt0899106,Canada
tt0899106,United Kingdom
tt0903657,United States
tt0905315,Taiwan
tt0905315,Hong Kong
tt0913951,Germany
tt0913951,USA
tt0920462,Japan
tt0920462,United States
tt0923633,United States
tt0944947,United States
tt0944947,United Kingdom
tt0947810,United Kingdom
tt0947810,France
tt0947810,Spain
tt0947810,United States
tt0947810,Japan
tt0956177,Sweden
tt0972558,Russia
tt0974959,Canada
tt0974959,USA
tt0977855,United States
tt0977855,United Arab Emirates
tt0985025,Finland
tt0985025,Iceland
tt0990407,United States
tt0996605,France
tt1000734,United Kingdom
tt10023024,India
tt10097312,China
tt1013860,United States
tt10160592,South Korea
tt10166602,United States
tt10172266,United States
tt10228168,Japan
tt10228168,United Kingdom
tt10229558,United States
tt1024942,Denmark
tt10274284,United States
tt10275370,United States
tt10276482,United States
tt1028528,United States
tt10293406,New Zealand
tt10293406,United Kingdom
tt10293406,Canada
tt10293406,Australia
tt10293406,United States
tt10320050,Turkey
tt1032815,United States
tt1032815,Canada
tt1032815,United Kingdom
tt10350626,India
tt10365730,United States
tt10380768,United States
tt1043651,Canada
tt1045772,France
tt1045772,United States
tt1046163,United States
tt10466872,United States
tt10466872,Canada
tt10466872,Hungary
tt10472884,Japan
tt10473306,Canada
tt10484164,United Kingdom
tt10484164,Nigeria
tt1050160,Japan
tt1050160,United States
tt10516352,Turkey
tt10546058,United Kingdom
tt10556338,United Kingdom
tt10562574,Thailand
tt10648342,Australia
tt10648342,United States
tt10653784,United States
tt10692788,United Kingdom
tt10731768,United States
tt10752004,United States
tt10763618,South Korea
tt1077368,United States
tt1077368,Australia
tt1077368,United Kingdom
tt10776484,Germany
tt10803634,Malaysia
tt10803634,Taiwan
tt10803634,Singapore
tt10803634,France
tt10803634,Germany
tt10803634,Netherlands
tt10803634,Indonesia
tt10803634,Switzerland
tt10803634,Qatar
tt10847306,United States
tt10847306,United Kingdom
tt10888876,Sweden
tt10919132,India
tt10919420,South Korea
tt10935560,Italy
tt10935560,France
tt10950320,United States
tt10972026,United Kingdom
tt11032374,Japan
tt11058644,South Korea
tt11060882,USA
tt1107319,United States
tt1107319,South Korea
tt1107319,United Kingdom
tt11079148,USA
tt1108209,United Kingdom
tt11100856,United States
tt1114265,Hong Kong
tt11143196,India
tt1114677,United States
tt11198330,United States
tt11214590,United States
tt11214590,Canada
tt11214590,United Kingdom
tt11252248,United States
tt11269026,Spain
tt1128075,Japan
tt11281220,Iran
tt11281220,Turkey
tt11286314,United States
tt11286314,Canada
tt1132620,Sweden
tt1132620,Denmark
tt1132620,Germany
tt1132620,Norway
tt1132620,Spain
tt1133985,United States
tt1135989,Israel
tt1135989,United States
tt11365186,United States
tt1137470,United States
tt1137470,United Kingdom
tt11384004,India
tt11384200,United States
tt11384690,South Africa
tt11388406,United States
tt11417508,United States
tt11423214,United States
tt1152282,Thailand
tt11546816,Thailand
tt1155056,United States
tt1160419,United States
tt1160419,Canada
tt1161624,United States
tt11704040,United States
tt1172994,United States
tt11768948,United States
tt1179034,France
tt1179034,United Kingdom
tt1179034,United States
tt11823076,United States
tt1182350,United States
tt1182350,Spain
tt1182350,United Kingdom
tt11835714,United Kingdom
tt11859012,United States
tt11904786,Australia
tt11912196,India
tt1194271,USA
tt1194271,Romania
tt1194664,Japan
tt12054414,United States
tt12057168,Russia
tt12120130,USA
tt1213644,United States
tt1216487,Sweden
tt1216487,Germany
tt1216487,Denmark
tt1218336,USA
tt1220619,United Kingdom
tt1223933,Germany
tt12252958,N/A
tt1226236,Italy
tt1226240,United States
tt12263866,China
tt12299432,China
tt12312854,United States
tt1231460,United States
tt1231593,United States
tt1232207,United States
tt12338128,USA
tt1234719,United States
tt12439466,Turkey
tt1245091,United States
tt1245526,United States
tt1250757,Indonesia
tt12536776,Mexico
tt12540080,Mexico
tt12588092,Ukraine
tt12588092,Poland
tt1260567,United States
tt12688688,United States
tt1270761,United States
tt1270761,Australia
tt1270761,Mexico
tt1275863,India
tt12851366,United States
tt12851512,United States
tt1286677,Turkey
tt12879624,Japan
tt1292042,Canada
tt12929990,United States
tt13155222,India
tt1318056,Italy
tt1319636,United States
tt1320304,USA
tt13269536,United States
tt1330018,United States
tt13315324,United States
tt13318942,United States
tt13318942,Norway
tt1333125,United States
tt13364468,India
tt13405778,United States
tt13405778,Canada
tt13430858,United Kingdom
tt13430858,France
tt13430858,India
tt13430858,United States
tt1343097,Sweden
tt1343097,Denmark
tt1343097,Germany
tt13444014,United Kingdom
tt13444014,United States
tt1345836,United States
tt1345836,United Kingdom
tt1369845,United States
tt13729062,India
tt1375598,United Kingdom
tt1379161,USA
tt1380224,Mexico
tt1381055,United States
tt13819562,Germany
tt1382246,United States
tt13846542,Poland
tt1385543,United States
tt13885280,United States
tt1391579,Australia
tt13938338,United States
tt1399103,United States
tt1399103,Hong Kong
tt1399103,Cambodia
tt1399103,United Kingdom
tt1399952,Russia
tt14014068,United Kingdom
tt14014068,United States
tt14014068,Mexico
tt1403214,Austria
tt1403214,Germany
tt1403214,France
tt1407050,USA
tt14107778,United States
tt1414111,United States
tt14173880,United States
tt14173880,United Kingdom
tt14184932,United Kingdom
tt1422020,France
tt1422020,Canada
tt1422020,United Kingdom
tt1422800,United States
tt1429449,Canada
tt14298328,United States
tt1430077,United States
tt14344690,United States
tt14365434,Bangladesh
tt1436559,United States
tt14464962,Argentina
tt14464962,New Zealand
tt14486678,Turkey
tt14535168,United Kingdom
tt14586350,United States
tt1459012,France
tt1459012,United States
tt1462041,United States
tt1462041,Canada
tt1462041,Ireland
tt1463208,Germany
tt1463208,Austria
tt1463208,Switzerland
tt14703382,Egypt
tt1471156,United States
tt14852420,Bangladesh
tt1485698,Poland
tt1486185,United States
tt1486185,Canada
tt1487118,United Kingdom
tt1487118,Germany
tt1487118,Austria
tt1490017,United States
tt1490017,Denmark
tt1490017,Australia
tt1490017,Norway
tt14948432,United States
tt14948432,Canada
tt14966898,Australia
tt14966898,United Arab Emirates
tt14966898,United States
tt15004156,United States
tt15017118,United States
tt1507563,United States
tt1507563,United Kingdom
tt1507563,South Africa
tt1507563,Germany
tt1507563,France
tt15109082,Ireland
tt15132930,Spain
tt1513713,Turkey
tt15140592,South Korea
tt1515091,United States
tt15176202,Australia
tt15185242,United States
tt15239678,United States
tt15239678,Canada
tt15239678,United Arab Emirates
tt15239678,Hungary
tt15239678,Italy
tt15239678,New Zealand
tt15239678,Jordan
tt15239678,Gambia
tt15289042,Japan
tt1532577,Japan
tt1532577,Australia
tt15331462,United States
tt15331462,Canada
tt15340724,South Korea
tt1541874,United States
tt15424742,Sweden
tt15424742,Denmark
tt15463032,United States
tt15464988,United Kingdom
tt15497220,United States
tt15521050,United States
tt15553956,South Korea
tt15560132,Portugal
tt15567174,United States
tt1568346,Sweden
tt1568346,United States
tt1569923,USA
tt1570728,United States
tt15787870,Spain
tt1582507,United States
tt1582507,Canada
tt1584943,United States
tt1587828,Brazil
tt1590763,N/A
tt1596557,United States
tt1599348,United States
tt1599348,Japan
tt1603915,Hong Kong
tt16085592,United States
tt1608777,India
tt1610447,USA
tt1616984,USA
tt1617145,Norway
tt1617145,France
tt1618447,France
tt1618447,Germany
tt16227014,Canada
tt16227014,United States
tt1625724,Ireland
tt16259786,United Kingdom
tt16307970,United States
tt1638002,Germany
tt1638002,United Kingdom
tt1638328,France
tt1638328,Belgium
tt16427398,Canada
tt1646212,United States
tt1646974,France
tt1646982,Japan
tt1646982,Malaysia
tt1648190,United States
tt1649780,United States
tt1668195,Sweden
tt1677053,United Kingdom
tt1684910,United States
tt1690455,United States
tt1698648,United States
tt1705120,Bulgaria
tt1712187,Italy
tt1719068,United States
tt1726252,Germany
tt1726252,Luxembourg
tt1726252,United Kingdom
tt1730549,United Kingdom
tt1731141,United States
tt1731947,Japan
tt1746246,Russia
tt1748179,Spain
tt1748179,Canada
tt1748179,United States
tt1748260,United States
tt17639060,China
tt17736234,Japan
tt1779471,Germany
tt1779471,Russia
tt1786368,Turkey
tt1790885,United States
tt1790885,India
tt1790885,Jordan
tt1801116,USA
tt1801117,USA
tt1801118,USA
tt1801119,USA
tt1801121,USA
tt1807950,Turkey
tt1810710,United States
tt1817676,United States
tt1821694,United States
tt1821694,Canada
tt1821694,Russia
tt18247152,India
tt1826940,United States
tt18332450,Belgium
tt18332450,Netherlands
tt18376122,United Kingdom
tt18376122,United States
tt1838603,Germany
tt1838603,Belgium
tt1838603,United States
tt1838603,France
tt1839642,United States
tt18411490,India
tt1843287,Japan
tt1843287,France
tt1853620,Canada
tt1854236,Denmark
tt1854236,Sweden
tt1854236,Italy
tt1854236,France
tt1854236,Germany
tt1854254,Taiwan
tt1856010,United States
tt1859438,Thailand
tt1859650,United States
tt1859650,Italy
tt1859650,Spain
tt1863201,United States
tt1869347,United Kingdom
tt1869347,United States
tt1872877,USA
tt1901024,United States
tt1901024,Poland
tt1901024,United Kingdom
tt1906323,USA
tt1918651,USA
tt1920913,India
tt19231492,United States
tt1928340,United States
tt1928340,Indonesia
tt1933311,United States
tt1935156,France
tt1935156,United States
tt1935302,United Kingdom
tt1935302,Jordan
tt1941466,Japan
tt1942884,Canada
tt1951216,United Kingdom
tt1951216,United States
tt19637052,United Kingdom
tt19637052,United States
tt1964624,France
tt1974198,USA
tt19760262,United States
tt1976989,United States
tt1981115,United States
tt1985949,Finland
tt1985949,United States
tt1985949,Canada
tt1998163,USA
tt2011366,China
tt2011366,Canada
tt20115096,United States
tt2014554,United States
tt2015348,Japan
tt2016894,India
tt20198716,Spain
tt2023453,United States
tt2023453,Canada
tt2024358,USA
tt2024396,Chile
tt20452218,France
tt2061527,Japan
tt2079466,USA
tt2082482,United States
tt2083379,Canada
tt2084970,United States
tt20859464,United States
tt2088003,Finland
tt2088003,United Kingdom
tt2088003,Germany
tt2088003,United States
tt2091256,United States
tt2091256,Canada
tt2091256,France
tt2098632,UK
tt2100573,United States
tt21059520,United States
tt2119543,United States
tt2119543,Canada
tt2119543,India
tt2121839,Japan
tt2124787,Canada
tt2124787,United States
tt21249134,Indonesia
tt21257212,France
tt21257212,Belgium
tt2130242,India
tt2132485,United Kingdom
tt2132485,South Africa
tt2132485,United States
tt2132485,Germany
tt2141751,United Kingdom
tt2153778,USA
tt2158686,Thailand
tt2166834,USA
tt21688772,Canada
tt2179087,United States
tt2183014,United States
tt2183014,United Kingdom
tt2185022,United States
tt2186995,USA
tt2192016,New Zealand
tt2205697,United States
tt22086334,India
tt2210547,Germany
tt2220414,United States
tt2222042,Canada
tt2222042,United States
tt2222042,Australia
tt2222164,Italy
tt2226321,United States
tt22297712,Japan
tt2234261,France
tt2234261,United Kingdom
tt2234261,United States
tt2243537,United States
tt22488728,India
tt2251281,United States
tt2251519,Czech Republic
tt2251519,Slovakia
tt2251519,Germany
tt2257218,United States
tt2267998,United States
tt22727518,Turkey
tt2275743,Germany
tt2277834,Canada
tt2279339,United States
tt2279373,United States
tt2279373,South Korea
tt2279373,Australia
tt2287214,United States
tt2292621,United States
tt2298384,France
tt2309312,Japan
tt2311802,Soviet Union
tt2313197,USA
tt2316369,USA
tt2318092,United States
tt2318405,Russia
tt2318625,Israel
tt2318625,United States
tt2318625,Germany
tt2321542,Japan
tt2326554,United States
tt2328549,France
tt2328549,Ireland
tt2328549,Sweden
tt2334879,United States
tt2354505,India
tt2354505,United Kingdom
tt2372251,United States
tt2372251,Spain
tt2386826,United States
tt2386826,Canada
tt2387433,United States
tt2392680,United States
tt2395247,United States
tt2397461,United States
tt2397461,Canada
tt2397461,United Kingdom
tt24018360,Sweden
tt2402101,United States
tt2402101,United Kingdom
tt2402101,France
tt2411008,United States
tt2443022,United States
tt2446612,Ireland
tt2452042,United States
tt2494376,USA
tt2507174,Japan
tt2512582,United Kingdom
tt2523832,United States
tt2543796,United States
tt2577172,Canada
tt2578426,Ireland
tt2580046,France
tt2580046,South Korea
tt2580046,Japan
tt2580046,United States
tt2580046,Brazil
tt2580046,Canada
tt2580046,Italy
tt2582496,United States
tt25899504,United States
tt26229508,South Korea
tt26258200,South Korea
tt2635474,France
tt2639344,United States
tt2639344,Greece
tt26413708,Romania
tt26413708,France
tt26413708,Greece
tt26426076,United States
tt26426076,Canada
tt26426076,United Kingdom
tt26453369,United States
tt2650978,Austria
tt2650978,Germany
tt2652118,China
tt2652118,United States
tt26596953,Poland
tt2664880,Norway
tt2704998,United States
tt27051027,India
tt27054481,United States
tt2709022,Luxembourg
tt2709022,France
tt2734628,Australia
tt2734628,Myanmar
tt2737206,USA
tt27502265,France
tt27502265,United States
tt27502265,United Kingdom
tt2756032,United States
tt27655393,India
tt27930156,India
tt28066777,France
tt28066777,United States
tt28073548,Australia
tt28076458,China
tt28131729,China
tt28182736,United States
tt28182736,Canada
tt28197236,United Kingdom
tt28228754,Turkey
tt2866824,United States
tt2872724,United States
tt2872724,United Arab Emirates
tt2872724,Colombia
tt2872724,Spain
tt2872750,United Kingdom
tt2872750,France
tt2873282,United States
tt2873282,Hungary
tt2910508,United States
tt2910508,United Kingdom
tt2911674,United Kingdom
tt2911674,South Africa
tt2914740,United States
tt3014284,United States
tt3014284,Denmark
tt3014284,Australia
tt3014284,Canada
tt30446769,South Korea
tt30517551,Austria
tt3058736,United States
tt3068194,United Kingdom
tt3068194,Ireland
tt3068194,France
tt3068194,Netherlands
tt3073256,Bangladesh
tt30845371,China
tt30845371,Hong Kong
tt3089326,Spain
tt3089326,France
tt3115906,United States
tt31193442,United States
tt31250580,India
tt31497750,United States
tt3155734,United States
tt3172532,United States
tt3173678,United States
tt3173678,United Kingdom
tt3204012,Japan
tt3204144,France
tt3260524,United States
tt3263436,United States
tt3278540,United States
tt3313102,United States
tt3317234,United States
tt3359350,United States
tt3366668,United States
tt3387520,United States
tt3387520,Canada
tt3387520,Mexico
tt3387520,Hong Kong
tt3397556,Canada
tt3399042,France
tt3469052,South Korea
tt3479858,India
tt3513498,Denmark
tt3513498,Norway
tt3513498,Australia
tt3513498,United States
tt3514886,United States
tt3565486,Turkey
tt3585004,China
tt3585004,Hong Kong
tt3585004,United States
tt3591696,United States
tt3606888,United Kingdom
tt3606888,China
tt3631112,United States
tt3631112,India
tt3666024,France
tt3666024,Belgium
tt3666024,Japan
tt3666024,United States
tt3697842,United States
tt3748172,United States
tt3759370,France
tt3759370,Belgium
tt3771570,Poland
tt3774694,France
tt3774694,Belgium
tt3780208,United Kingdom
tt3853830,United States
tt3881026,Finland
tt3889156,United Kingdom
tt3896738,Australia
tt3908142,United States
tt3911554,Japan
tt3911554,United States
tt3950078,China
tt3981658,Taiwan
tt3986586,United States
tt3998324,USA
tt4003440,Denmark
tt4003440,France
tt4003440,Sweden
tt4003440,Germany
tt4003440,Belgium
tt4030442,Ireland
tt4031224,South Korea
tt4061080,United States
tt4062536,United States
tt4074502,Switzerland
tt4103724,United States
tt4116284,United States
tt4116284,Denmark
tt4116284,Australia
tt4129870,United States
tt4137902,United Kingdom
tt4159076,Canada
tt4162866,United States
tt4171544,United Kingdom
tt4176826,Germany
tt4209492,United States
tt4209492,Bangladesh
tt4209492,India
tt4209788,United States
tt4209788,Canada
tt4209788,China
tt4224754,United States
tt4267026,United States
tt4273562,Japan
tt4280606,United States
tt4353250,United States
tt4447518,United Kingdom
tt4447518,Ireland
tt4481514,United States
tt4500922,United States
tt4509840,Serbia
tt4509840,South Korea
tt4509840,Slovenia
tt4547056,United Kingdom
tt4568328,Czech Republic
tt4572820,Canada
tt4572820,United States
tt4578474,United States
tt4595186,United States
tt4599430,Nepal
tt4599430,United States
tt4630550,Belgium
tt4630550,France
tt4666618,United States
tt4686844,France
tt4686844,United Kingdom
tt4686844,Belgium
tt4686844,Canada
tt4686844,United States
tt4699388,France
tt4702300,United States
tt4741310,Italy
tt4742700,United Kingdom
tt4761916,United States
tt4761916,Russia
tt4770018,United Kingdom
tt4787052,Turkey
tt4791322,Argentina
tt4791322,Italy
tt4795016,Japan
tt4801682,India
tt4805316,Ireland
tt4805316,United Kingdom
tt4823776,United States
tt4823776,Canada
tt4850642,United States
tt4877122,United States
tt4901756,Russia
tt4922692,Spain
tt4943998,United States
tt4970294,United States
tt5017192,India
tt5057140,United States
tt5058828,United States
tt5066556,South Korea
tt5068650,United States
tt5096470,United Kingdom
tt5096470,Italy
tt5098128,India
tt5112578,United States
tt5133998,Turkey
tt5160614,United States
tt5164432,United States
tt5177088,Germany
tt5177088,United Kingdom
tt5177088,Canada
tt5177088,Sweden
tt5177088,United States
tt5232622,United States
tt5232622,United Kingdom
tt5247042,United States
tt5247042,France
tt5258128,United States
tt5266218,India
tt5281134,United States
tt5302658,Canada
tt5302658,United States
tt5308322,United States
tt5311542,Germany
tt5311542,Italy
tt5311542,United States
tt5323662,Japan
tt5339462,Italy
tt5339462,France
tt5397520,United States
tt5460530,United States
tt5465496,India
tt5478730,United States
tt5575678,South Korea
tt5581752,Italy
tt5600406,United States
tt5607976,United Kingdom
tt5607976,United States
tt5611978,Spain
tt5634998,United States
tt5695180,Croatia
tt5700176,United Kingdom
tt5729304,United Kingdom
tt5753856,Germany
tt5753856,United States
tt5768632,Turkey
tt5779228,United States
tt5779228,United Kingdom
tt5779228,Hong Kong
tt5785170,India
tt5834800,Canada
tt5844304,Hong Kong
tt5845332,United States
tt5850588,Brazil
tt5866284,United Kingdom
tt5876392,India
tt5898016,Soviet Union
tt5927634,United States
tt5936866,United Kingdom
tt5936866,United States
tt5956100,India
tt5995602,India
tt6007398,Germany
tt6010216,United States
tt6012380,United Kingdom
tt6048596,United States
tt6053512,United States
tt6082614,Germany
tt6089664,Kenya
tt6089664,Switzerland
tt6095472,Finland
tt6095472,United States
tt6095472,Australia
tt6095472,Canada
tt6095472,United Kingdom
tt6107548,United States
tt6121444,France
tt6121444,Italy
tt6132720,Turkey
tt6138404,USA
tt6143422,India
tt6204018,Sweden
tt6205862,United States
tt6263222,South Korea
tt6286736,USA
tt6300838,Japan
tt6335734,Japan
tt6350332,Hong Kong
tt6402468,Germany
tt6402468,United States
tt6450804,United States
tt6450804,Spain
tt6450804,Hungary
tt6450804,China
tt6520654,Egypt
tt6562866,United States
tt6565702,United States
tt6571548,India
tt6571548,United States
tt6633182,United States
tt6718170,United States
tt6718170,Japan
tt6718170,France
tt6735740,United States
tt6763664,United States
tt6832388,Austria
tt6832388,Canada
tt6874762,New Zealand
tt6876788,United States
tt6892400,Italy
tt6892400,Germany
tt6892400,France
tt6893836,United States
tt6905542,United Kingdom
tt6905542,United States
tt6966692,United States
tt6966692,China
tt6967980,India
tt7129636,United States
tt7201846,France
tt7201846,Belgium
tt7211438,Pakistan
tt7264080,United States
tt7466442,United States
tt7479692,India
tt7492256,United Kingdom
tt7564016,India
tt7598448,United Kingdom
tt7598448,United States
tt7608028,Canada
tt7608028,United States
tt7644680,United States
tt7657566,United States
tt7772602,United States
tt7808566,United States
tt7853242,India
tt7918842,Sweden
tt7918842,Germany
tt7972012,France
tt7972012,Belgium
tt7991608,United States
tt7991608,United Kingdom
tt7991608,Singapore
tt7991608,Italy
tt7991608,Thailand
tt7991608,Canada
tt8006374,Russia
tt8010354,United Kingdom
tt8097030,United States
tt8097030,Canada
tt8110246,United States
tt8119680,South Korea
tt8123886,South Korea
tt8130518,United States
tt8201142,United Kingdom
tt8246058,China
tt8246058,Hong Kong
tt8254556,Netherlands
tt8254556,Belgium
tt8254880,Japan
tt8259114,United States
tt8265928,France
tt8265928,Belgium
tt8265928,South Korea
tt8269120,United Kingdom
tt8310486,United States
tt8310674,United States
tt8356394,United States
tt8386654,Canada
tt8427140,United States
tt8433210,United States
tt8508734,United Kingdom
tt8508734,United States
tt8521778,United States
tt8543390,United States
tt8725166,New Zealand
tt8824648,Thailand
tt8847740,N/A
tt8907992,India
tt8993398,Japan
tt9026184,United States
tt9046556,United States
tt9063902,Spain
tt9071322,United States
tt9135260,United States
tt9145880,South Korea
tt9159144,Canada
tt9159144,United States
tt9179284,Japan
tt9204328,Canada
tt9204328,United States
tt9243804,United States
tt9243804,Canada
tt9243804,Ireland
tt9248940,India
tt9252508,United States
tt9286542,United States
tt9286542,United Kingdom
tt9315722,United States
tt9319380,India
tt9325320,Sweden
tt9354842,United States
tt9398640,United States
tt9448932,United Kingdom
tt9522300,Japan
tt9561862,United States
tt9614090,United States
tt9632590,France
tt9685282,China
tt9688874,India
tt9721776,Turkey
tt9731534,United Kingdom
tt9731534,United States
tt9801400,United Kingdom
tt9827834,United States
tt9838428,Japan
tt9860728,United States
tt9869424,United States
