imdbid,genre
tt0008677,Drama
tt0009700,Western
tt0014547,Drama
tt0014606,Drama
tt0019004,Drama
tt0019760,Documentary
tt0020481,Action
tt0020481,Adventure
tt0020503,Action
tt0020503,Drama
tt0020503,Music
tt0023594,Drama
tt0023594,Romance
tt0024671,Adventure
tt0024671,Drama
tt0025048,Action
tt0025048,Adventure
tt0025048,Romance
tt0025896,Crime
tt0025896,Drama
tt0025896,Romance
tt0027349,Action
tt0027349,Adventure
tt0027349,Drama
tt0030871,Drama
tt0031885,Comedy
tt0031885,Drama
tt0032566,Adventure
tt0032566,Comedy
tt0032566,Mystery
tt0032599,Comedy
tt0032599,Drama
tt0032599,Romance
tt0034587,Fantasy
tt0034587,Horror
tt0034587,Thriller
tt0036324,Crime
tt0036324,Drama
tt0036324,Mystery
tt0036439,Action
tt0036439,Adventure
tt0036439,Mystery
tt0036723,Comedy
tt0036723,Music
tt0036723,Musical
tt0037378,Adventure
tt0037378,Thriller
tt0038174,Animation
tt0038174,Comedy
tt0038174,Family
tt0040725,Drama
tt0040725,Music
tt0040725,Romance
tt0040853,Drama
tt0041154,Comedy
tt0041154,Drama
tt0041430,Drama
tt0041627,Thriller
tt0041699,Crime
tt0041699,Drama
tt0041699,Mystery
tt0044098,Drama
tt0044098,Romance
tt0045129,Action
tt0045129,Adventure
tt0045129,Crime
tt0045300,Adventure
tt0045300,Family
tt0046874,Drama
tt0046874,Music
tt0047505,Drama
tt0047505,Thriller
tt0047628,Comedy
tt0047628,Romance
tt0049854,Crime
tt0049854,Drama
tt0049854,Thriller
tt0049873,Comedy
tt0050099,Action
tt0050099,Crime
tt0050099,Drama
tt0051459,Drama
tt0051604,Crime
tt0051604,Drama
tt0051702,Action
tt0051702,Adventure
tt0051702,Drama
tt0051744,Crime
tt0051744,Horror
tt0051744,Mystery
tt0052295,Adventure
tt0052295,Drama
tt0052295,Romance
tt0052964,Drama
tt0052964,History
tt0052964,Romance
tt0053361,Crime
tt0053361,Drama
tt0053361,Thriller
tt0056586,Adventure
tt0056703,Drama
tt0058536,Animation
tt0058536,Adventure
tt0058536,Comedy
tt0058656,Action
tt0058656,Drama
tt0058657,Drama
tt0058657,Family
tt0058658,Thriller
tt0059017,Western
tt0060153,Action
tt0060153,Adventure
tt0060153,Comedy
tt0060492,Crime
tt0060492,Drama
tt0060565,Drama
tt0060758,Drama
tt0061095,Adventure
tt0061095,Comedy
tt0061095,Crime
tt0061177,Adventure
tt0061177,Comedy
tt0061177,Crime
tt0062369,Comedy
tt0062370,Comedy
tt0062370,Drama
tt0062370,Romance
tt0062994,Biography
tt0062994,Comedy
tt0062994,Drama
tt0063069,Family
tt0063069,Animation
tt0063069,Short
tt0063696,Drama
tt0063696,Thriller
tt0066343,Animation
tt0066343,Short
tt0066456,Short
tt0067310,Action
tt0067310,Thriller
tt0068612,Animation
tt0068612,Comedy
tt0068612,Drama
tt0068833,Crime
tt0068833,Horror
tt0068833,Thriller
tt0069973,Crime
tt0069973,Drama
tt0069973,Thriller
tt0069995,Drama
tt0069995,Horror
tt0069995,Mystery
tt0070301,Action
tt0070301,Adventure
tt0070301,Crime
tt0070640,Drama
tt0070705,Action
tt0070705,Crime
tt0070705,Thriller
tt0070723,Crime
tt0070723,Mystery
tt0070723,Sci-Fi
tt0070778,Action
tt0070778,Crime
tt0070778,Drama
tt0070968,Animation
tt0070968,Adventure
tt0070968,Comedy
tt0071007,Drama
tt0071007,Family
tt0071007,Romance
tt0072730,Comedy
tt0072730,Drama
tt0072730,Sci-Fi
tt0072890,Biography
tt0072890,Crime
tt0072890,Drama
tt0073511,Action
tt0073511,Adventure
tt0073511,Thriller
tt0073582,Horror
tt0073582,Mystery
tt0073582,Thriller
tt0074506,Action
tt0074506,Crime
tt0074506,Drama
tt0074624,Action
tt0074624,Drama
tt0074806,Drama
tt0074806,Horror
tt0074806,Mystery
tt0076095,Comedy
tt0076095,Drama
tt0076095,Romance
tt0076162,Comedy
tt0076162,Horror
tt0076519,Action
tt0076519,Adventure
tt0076716,Action
tt0076716,Adventure
tt0076716,Family
tt0076823,Action
tt0076823,Adventure
tt0077290,Action
tt0077290,Drama
tt0077645,Action
tt0077645,Thriller
tt0077831,Action
tt0077831,Comedy
tt0077831,Drama
tt0077975,Comedy
tt0078397,Drama
tt0079483,Action
tt0079588,Adventure
tt0079588,Comedy
tt0079588,Family
tt0079803,Action
tt0079803,Crime
tt0082468,Drama
tt0082468,Sport
tt0082477,Comedy
tt0082477,Drama
tt0082477,Romance
tt0083722,Fantasy
tt0083722,Horror
tt0083722,Thriller
tt0084922,Drama
tt0086439,Drama
tt0086439,Family
tt0086439,Sport
tt0086491,Horror
tt0086491,Sci-Fi
tt0086525,Comedy
tt0086525,Romance
tt0087182,Action
tt0087182,Adventure
tt0087182,Sci-Fi
tt0087985,Action
tt0087985,Drama
tt0087985,Thriller
tt0088271,Comedy
tt0089482,Comedy
tt0089482,Family
tt0089482,Fantasy
tt0089606,Drama
tt0089606,Comedy
tt0089893,Action
tt0089893,Adventure
tt0089893,Fantasy
tt0091027,Action
tt0091027,Drama
tt0091223,Comedy
tt0091223,Fantasy
tt0091223,Horror
tt0092045,Drama
tt0092045,Family
tt0092106,Animation
tt0092106,Action
tt0092106,Adventure
tt0092359,Comedy
tt0092359,Drama
tt0092359,Family
tt0093374,Thriller
tt0094321,Comedy
tt0094321,Music
tt0094321,Romance
tt0094535,Comedy
tt0094535,Sci-Fi
tt0095491,Action
tt0095491,Comedy
tt0095491,Crime
tt0095963,Action
tt0095963,Comedy
tt0095963,Crime
tt0096236,Action
tt0096236,Crime
tt0096236,Drama
tt0096267,Drama
tt0096463,Comedy
tt0096463,Drama
tt0096463,Romance
tt0097778,Comedy
tt0098206,Action
tt0098206,Thriller
tt0098477,Comedy
tt0098532,Comedy
tt0098532,Crime
tt0098532,Drama
tt0099472,Animation
tt0099472,Adventure
tt0099472,Comedy
tt0099474,Action
tt0099474,Adventure
tt0099474,Sci-Fi
tt0099810,Action
tt0099810,Adventure
tt0099810,Thriller
tt0099975,Action
tt0099975,Comedy
tt0099975,Crime
tt0100050,Comedy
tt0100050,Family
tt0100050,Romance
tt0100605,Action
tt0100605,Comedy
tt0100605,Crime
tt0100967,Action
tt0100967,Comedy
tt0100967,Crime
tt0101921,Drama
tt0102286,Action
tt0102286,Crime
tt0102286,Drama
tt0102492,Comedy
tt0102492,Drama
tt0102492,Family
tt0103905,Comedy
tt0103905,Crime
tt0103905,Drama
tt0104036,Crime
tt0104036,Drama
tt0104036,Romance
tt0104070,Comedy
tt0104070,Fantasy
tt0104070,Horror
tt0105592,Action
tt0105903,Action
tt0105903,Romance
tt0106052,Comedy
tt0106052,Music
tt0106052,Talk-Show
tt0106053,Comedy
tt0106053,Music
tt0106053,Talk-Show
tt0107438,Comedy
tt0107438,Family
tt0107438,Romance
tt0107473,Comedy
tt0107473,Crime
tt0107473,Drama
tt0109307,Action
tt0109307,Crime
tt0109307,Thriller
tt0110613,Comedy
tt0110613,Drama
tt0110613,Family
tt0111495,Drama
tt0111495,Mystery
tt0111495,Romance
tt0111662,Action
tt0111662,Crime
tt0111662,Thriller
tt0111727,Action
tt0111727,Adventure
tt0111727,Sci-Fi
tt0112572,Comedy
tt0113198,Animation
tt0113198,Adventure
tt0113198,Comedy
tt0114095,Comedy
tt0114095,Drama
tt0114095,Romance
tt0114614,Action
tt0114614,Comedy
tt0114614,Sci-Fi
tt0116414,Comedy
tt0116414,Drama
tt0117911,Action
tt0117911,Adventure
tt0117911,Comedy
tt0118159,Action
tt0118491,Drama
tt0118843,Comedy
tt0118843,Crime
tt0118843,Romance
tt0119174,Drama
tt0119174,Mystery
tt0119174,Thriller
tt0120689,Crime
tt0120689,Drama
tt0120689,Fantasy
tt0120863,Drama
tt0120863,History
tt0120863,War
tt0120885,Comedy
tt0120885,Drama
tt0124315,Drama
tt0124315,Romance
tt0124718,Drama
tt0124718,Sport
tt0126698,Action
tt0126916,Drama
tt0126916,Romance
tt0126916,Sport
tt0127760,Action
tt0133011,Biography
tt0133011,Crime
tt0134858,Adventure
tt0134858,Drama
tt0137330,Comedy
tt0137330,Romance
tt0140745,Drama
tt0140745,History
tt0140745,War
tt0141006,Action
tt0141006,Drama
tt0142032,Adventure
tt0142032,Drama
tt0142032,Sci-Fi
tt0143940,Drama
tt0144201,Comedy
tt0144201,Drama
tt0144201,Romance
tt0149593,Animation
tt0149593,Short
tt0153080,Biography
tt0153080,Drama
tt0153080,Sport
tt0156812,Comedy
tt0156812,Drama
tt0156812,Family
tt0161191,Drama
tt0165247,Drama
tt0165247,Action
tt0165727,Action
tt0165727,Drama
tt0165798,Crime
tt0165798,Drama
tt0172493,Biography
tt0172493,Drama
tt0175142,Comedy
tt0185371,Horror
tt0185371,Mystery
tt0185371,Thriller
tt0186619,Action
tt0186726,Adventure
tt0186726,Comedy
tt0186726,Family
tt0188453,Comedy
tt0188453,Crime
tt0188453,Thriller
tt0189649,Short
tt0190332,Action
tt0190332,Adventure
tt0190332,Drama
tt0190641,Animation
tt0190641,Action
tt0190641,Adventure
tt0190829,Comedy
tt0190829,Family
tt0197951,Action
tt0197951,Fantasy
tt0199753,Action
tt0199753,Sci-Fi
tt0199753,Thriller
tt0201992,Action
tt0201992,Drama
tt0202109,N/A
tt0202880,Crime
tt0202880,Drama
tt0202880,History
tt0203233,Action
tt0203233,Drama
tt0206080,Documentary
tt0206516,Animation
tt0206516,Action
tt0206516,Sport
tt0208003,Action
tt0208003,Comedy
tt0208003,Crime
tt0210234,Animation
tt0210234,Action
tt0210234,Adventure
tt0211042,Adventure
tt0211042,Western
tt0212558,Animation
tt0212558,Short
tt0212558,Family
tt0220880,Animation
tt0220880,Adventure
tt0220880,Comedy
tt0221218,Crime
tt0221218,Drama
tt0221218,Mystery
tt0243255,Drama
tt0248555,Action
tt0251736,Horror
tt0257106,Comedy
tt0257106,Horror
tt0259054,Drama
tt0259054,Romance
tt0259656,N/A
tt0262287,N/A
tt0262830,Action
tt0263975,Drama
tt0263975,Romance
tt0264796,Drama
tt0265208,Comedy
tt0265208,Drama
tt0265208,Romance
tt0266987,Action
tt0266987,Crime
tt0266987,Thriller
tt0269217,Action
tt0269217,Comedy
tt0269217,Romance
tt0274965,Crime
tt0274965,Drama
tt0274965,Film-Noir
tt0275277,Animation
tt0275277,Action
tt0275277,Crime
tt0277371,Comedy
tt0279113,Drama
tt0279113,Romance
tt0280609,Action
tt0280609,Horror
tt0280609,Thriller
tt0283877,Horror
tt0283877,Thriller
tt0284244,Comedy
tt0285680,Action
tt0285680,Adventure
tt0286788,Comedy
tt0286788,Drama
tt0286788,Family
tt0287839,Adventure
tt0287839,Drama
tt0287839,Sci-Fi
tt0289765,Crime
tt0289765,Drama
tt0289765,Thriller
tt0292945,Drama
tt0293715,Comedy
tt0293715,Drama
tt0293715,Romance
tt0294433,Documentary
tt0300051,Comedy
tt0300051,Drama
tt0300051,Romance
tt0301370,Action
tt0301370,Drama
tt0304824,Short
tt0305669,Comedy
tt0306047,Comedy
tt0306841,Adventure
tt0306841,Comedy
tt0306841,Family
tt0312528,Adventure
tt0312528,Comedy
tt0312528,Family
tt0313016,Fantasy
tt0313016,Horror
tt0313016,Sci-Fi
tt0314405,N/A
tt0315638,Action
tt0315638,Adventure
tt0315638,Drama
tt0315983,Crime
tt0315983,Drama
tt0317676,Action
tt0317676,Adventure
tt0317676,Horror
tt0322802,Documentary
tt0322802,Action
tt0322802,Comedy
tt0324013,Biography
tt0324013,Crime
tt0324013,Drama
tt0325618,Documentary
tt0325618,Short
tt0329200,Comedy
tt0329200,Crime
tt0329200,Family
tt0333780,Comedy
tt0335119,Biography
tt0335119,Drama
tt0335119,Romance
tt0338459,Action
tt0338459,Adventure
tt0338459,Comedy
tt0345950,Animation
tt0345950,Adventure
tt0345950,Comedy
tt0347618,Animation
tt0347618,Adventure
tt0347618,Comedy
tt0349682,Drama
tt0349682,War
tt0356634,Adventure
tt0356634,Comedy
tt0356634,Family
tt0362120,Comedy
tt0384252,Family
tt0384252,Animation
tt0384629,N/A
tt0385002,Crime
tt0385002,Drama
tt0385002,Sport
tt0385004,Action
tt0385004,Adventure
tt0385004,Drama
tt0385880,Animation
tt0385880,Comedy
tt0385880,Family
tt0387228,Action
tt0387228,Drama
tt0388980,Biography
tt0388980,Drama
tt0388980,Sport
tt0389790,Animation
tt0389790,Adventure
tt0389790,Comedy
tt0390559,Action
tt0390559,Drama
tt0393735,Comedy
tt0393735,Family
tt0393735,Fantasy
tt0393879,Drama
tt0397065,Horror
tt0397065,Thriller
tt0397113,Drama
tt0397113,Family
tt0397442,Drama
tt0397442,Romance
tt0397619,Drama
tt0399060,Adventure
tt0399060,Family
tt0401828,N/A
tt0404220,Short
tt0404220,Thriller
tt0404220,Horror
tt0404254,Comedy
tt0404254,Drama
tt0404254,Romance
tt0405497,Musical
tt0405497,War
tt0410297,Drama
tt0410297,Fantasy
tt0410297,Romance
tt0412142,Drama
tt0412142,Mystery
tt0413406,N/A
tt0416881,Drama
tt0416881,Romance
tt0419198,Comedy
tt0419198,Drama
tt0419198,Romance
tt0419208,Animation
tt0419208,Short
tt0420252,Comedy
tt0420252,Short
tt0421239,Thriller
tt0421729,Comedy
tt0421729,Crime
tt0422434,Documentary
tt0425637,Action
tt0425637,Adventure
tt0425637,Drama
tt0426592,Action
tt0426592,Comedy
tt0426592,Sci-Fi
tt0426883,Biography
tt0426883,Crime
tt0426883,Drama
tt0428579,Comedy
tt0428579,Drama
tt0428579,Romance
tt0429626,Adventure
tt0429626,Crime
tt0432402,Biography
tt0432402,Drama
tt0437729,Comedy
tt0437729,Music
tt0437729,Talk-Show
tt0441834,Animation
tt0441834,Action
tt0441834,Adventure
tt0443518,Drama
tt0443518,Romance
tt0445094,Comedy
tt0445094,Short
tt0445840,Action
tt0445840,Drama
tt0452608,Action
tt0452608,Sci-Fi
tt0452608,Thriller
tt0456773,Documentary
tt0456773,Reality-TV
tt0459945,Crime
tt0459945,Mystery
tt0462538,Animation
tt0462538,Adventure
tt0462538,Comedy
tt0462667,Action
tt0462667,Adventure
tt0462667,Crime
tt0466342,Comedy
tt0466342,Romance
tt0466408,Drama
tt0467200,Biography
tt0467200,Drama
tt0467200,History
tt0468558,Sport
tt0477574,Action
tt0477574,Crime
tt0481006,Comedy
tt0482527,Comedy
tt0482527,Fantasy
tt0482527,Romance
tt0482930,Action
tt0482930,Fantasy
tt0482930,Thriller
tt0483184,Action
tt0483184,Thriller
tt0490228,Sport
tt0492956,Comedy
tt0492956,Family
tt0492956,Sport
tt0498483,Drama
tt0783238,Crime
tt0783238,Drama
tt0783238,Mystery
tt0784938,Reality-TV
tt0795363,Action
tt0795363,Adventure
tt0795363,Drama
tt0795363,Fantasy
tt0795363,Romance
tt0795368,Comedy
tt0795461,Comedy
tt0795461,Horror
tt0799949,Adventure
tt0799949,Comedy
tt0799949,Fantasy
tt0803061,Biography
tt0803061,Comedy
tt0803061,Drama
tt0805564,Comedy
tt0805564,Drama
tt0805564,Romance
tt0806165,Comedy
tt0806165,Drama
tt0806165,Romance
tt0808506,Animation
tt0808506,Adventure
tt0808506,Comedy
tt0810819,Biography
tt0810819,Drama
tt0830558,Crime
tt0830558,Drama
tt0830558,Horror
tt0836641,Documentary
tt0844708,Horror
tt0844708,Thriller
tt0846308,Comedy
tt0846308,Drama
tt0846308,Family
tt0852705,Action
tt0852705,Adventure
tt0852713,Comedy
tt0856262,Action
tt0856262,Adventure
tt0873886,Action
tt0873886,Horror
tt0873886,Thriller
tt0877057,Animation
tt0877057,Crime
tt0877057,Drama
tt0905315,Action
tt0923633,Documentary
tt0944947,Action
tt0944947,Adventure
tt0944947,Drama
tt0947810,Action
tt0947810,Drama
tt0947810,Thriller
tt0956177,Short
tt0956177,Drama
tt0974959,Comedy
tt0977855,Biography
tt0977855,Drama
tt0977855,Thriller
tt0990407,Action
tt0990407,Comedy
tt0990407,Crime
tt1000734,Drama
tt10097312,Comedy
tt10097312,Drama
tt1013860,Action
tt1013860,Comedy
tt1013860,Crime
tt10172266,Comedy
tt10172266,Romance
tt10274284,Drama
tt10274284,Thriller
tt10275370,Documentary
tt10275370,Short
tt10275370,Action
tt1028528,Drama
tt1028528,Thriller
tt10293406,Drama
tt10293406,Western
tt10350626,Action
tt10350626,Biography
tt10350626,Drama
tt10365730,Drama
tt10365730,Thriller
tt1046163,Comedy
tt1046163,Romance
tt10466872,Action
tt10466872,Adventure
tt10466872,Drama
tt10472884,Animation
tt10472884,Drama
tt10472884,Fantasy
tt1050160,Action
tt1050160,Comedy
tt1050160,Horror
tt10653784,Drama
tt10653784,Romance
tt10731768,Action
tt10731768,Drama
tt10731768,Thriller
tt10803634,Drama
tt10803634,Horror
tt10847306,Comedy
tt10919420,Action
tt10919420,Drama
tt10919420,Mystery
tt10972026,Short
tt10972026,Action
tt11032374,Animation
tt11032374,Action
tt11032374,Adventure
tt1107319,Comedy
tt1107319,Drama
tt1108209,Animation
tt1108209,Family
tt1114265,Action
tt11143196,Action
tt11143196,Crime
tt1114677,Comedy
tt1114677,Drama
tt1114677,Family
tt11198330,Action
tt11198330,Adventure
tt11198330,Drama
tt11214590,Biography
tt11214590,Crime
tt11214590,Drama
tt11252248,Comedy
tt11252248,Drama
tt11286314,Comedy
tt11286314,Drama
tt11286314,Sci-Fi
tt1132620,Crime
tt1132620,Drama
tt1132620,Mystery
tt1133985,Action
tt1133985,Adventure
tt1133985,Sci-Fi
tt11384200,Documentary
tt11384200,Sport
tt11384690,Short
tt11384690,Drama
tt11388406,Drama
tt11388406,Mystery
tt11388406,Thriller
tt11417508,Comedy
tt11417508,Drama
tt11417508,Mystery
tt11423214,Horror
tt11423214,Thriller
tt1160419,Action
tt1160419,Adventure
tt1160419,Drama
tt1161624,Reality-TV
tt1172994,Horror
tt1172994,Mystery
tt11823076,Documentary
tt11823076,Biography
tt11823076,Crime
tt11835714,Action
tt11835714,Drama
tt11835714,Sci-Fi
tt11859012,Horror
tt11859012,Thriller
tt12054414,Reality-TV
tt12120130,Talk-Show
tt1213644,Comedy
tt1213644,Sci-Fi
tt1216487,Action
tt1216487,Crime
tt1216487,Drama
tt1220619,Documentary
tt1223933,Comedy
tt12252958,N/A
tt1226240,Drama
tt1226240,Music
tt12263866,Animation
tt12299432,Comedy
tt12299432,Drama
tt12299432,Fantasy
tt1231460,Comedy
tt1231460,Music
tt1231460,Talk-Show
tt12338128,Comedy
tt1234719,Action
tt1234719,War
tt1245526,Action
tt1245526,Comedy
tt1245526,Crime
tt1250757,Drama
tt12588092,Animation
tt12588092,Short
tt12588092,Drama
tt12688688,Documentary
tt12688688,Biography
tt12688688,Sport
tt12851366,Documentary
tt12851366,Short
tt12851512,Biography
tt12851512,Crime
tt12851512,Drama
tt12879624,Animation
tt12879624,Drama
tt12879624,Romance
tt1292042,Documentary
tt13269536,Crime
tt13269536,Thriller
tt13315324,Comedy
tt13315324,Crime
tt13315324,Drama
tt1333125,Comedy
tt13405778,Horror
tt13405778,Mystery
tt13405778,Thriller
tt1343097,Crime
tt1343097,Drama
tt1343097,Mystery
tt1369845,Action
tt1369845,Adventure
tt1369845,Comedy
tt1375598,Documentary
tt1379161,Biography
tt1379161,Drama
tt1380224,Comedy
tt1380224,Romance
tt1381055,Short
tt1381055,Musical
tt13819562,Comedy
tt13819562,Family
tt1382246,Short
tt1382246,Fantasy
tt1382246,Romance
tt1414111,Documentary
tt14184932,Documentary
tt1422020,Crime
tt1422020,Drama
tt1429449,Action
tt1429449,Drama
tt1429449,Fantasy
tt14298328,Comedy
tt14298328,Drama
tt14298328,Fantasy
tt14344690,Short
tt14344690,Drama
tt14365434,Action
tt14365434,Crime
tt14365434,Romance
tt14535168,Documentary
tt14535168,Sport
tt1462041,Drama
tt1462041,Mystery
tt1462041,Thriller
tt1463208,Adventure
tt1463208,Family
tt14703382,Action
tt14703382,Drama
tt14703382,Thriller
tt1486185,Fantasy
tt1486185,Horror
tt1486185,Mystery
tt1487118,Comedy
tt1487118,Romance
tt1487118,Sport
tt1490017,Animation
tt1490017,Action
tt1490017,Adventure
tt14948432,Action
tt14948432,Adventure
tt14948432,Comedy
tt14966898,Horror
tt15109082,Drama
tt15132930,Short
tt15132930,Drama
tt1515091,Action
tt1515091,Adventure
tt1515091,Mystery
tt15176202,Documentary
tt15176202,Sport
tt15185242,Family
tt15239678,Action
tt15239678,Adventure
tt15239678,Drama
tt1532577,Drama
tt1532577,Romance
tt15331462,Adventure
tt15331462,Horror
tt15331462,Sci-Fi
tt15340724,Drama
tt15340724,Romance
tt15464988,Documentary
tt15497220,Comedy
tt15497220,Horror
tt15567174,Drama
tt15567174,Horror
tt15567174,Mystery
tt1568346,Crime
tt1568346,Drama
tt1568346,Mystery
tt1569923,Animation
tt1569923,Action
tt1569923,Crime
tt1569923,Drama
tt1569923,Mystery
tt1569923,Sci-Fi
tt1569923,Thriller
tt15787870,Crime
tt15787870,Drama
tt15787870,Mystery
tt1582507,Drama
tt1582507,Horror
tt1582507,Mystery
tt1587828,Biography
tt1587828,Drama
tt1590763,Animation
tt1590763,Short
tt1590763,Comedy
tt1596557,Family
tt1599348,Action
tt1599348,Thriller
tt1603915,Action
tt16085592,Comedy
tt16085592,Drama
tt16085592,Family
tt1610447,Sport
tt1616984,Biography
tt1616984,Drama
tt1616984,Family
tt16307970,Documentary
tt16307970,Biography
tt16307970,Crime
tt1646982,Drama
tt1668195,Documentary
tt1668195,Short
tt1677053,Documentary
tt1677053,Biography
tt1677053,Sport
tt1698648,Comedy
tt1730549,Documentary
tt1731141,Action
tt1731141,Adventure
tt1731141,Sci-Fi
tt1731947,Comedy
tt1731947,Drama
tt1748179,Drama
tt1748179,Fantasy
tt1748179,Mystery
tt1748260,Drama
tt1748260,Family
tt1748260,Mystery
tt17639060,Animation
tt17639060,Action
tt17639060,Adventure
tt1779471,Documentary
tt1801116,N/A
tt1801117,N/A
tt1801118,N/A
tt1801119,N/A
tt1801121,N/A
tt1817676,Comedy
tt1817676,Drama
tt1821694,Action
tt1821694,Comedy
tt1821694,Crime
tt1826940,Comedy
tt1826940,Romance
tt18332450,Drama
tt18411490,Action
tt18411490,Adventure
tt18411490,Thriller
tt1853620,Documentary
tt1853620,Biography
tt1853620,Music
tt1854254,Action
tt1854254,Romance
tt1856010,Drama
tt1869347,Crime
tt1869347,Drama
tt1869347,Mystery
tt1872877,Sport
tt1906323,Documentary
tt1918651,Drama
tt1920913,Drama
tt1920913,Thriller
tt1933311,Documentary
tt1935156,Documentary
tt1942884,Documentary
tt1942884,Drama
tt1964624,Drama
tt1964624,Mystery
tt1964624,Thriller
tt1974198,Short
tt1974198,Drama
tt19760262,Documentary
tt1985949,Animation
tt1985949,Action
tt1985949,Adventure
tt1998163,Drama
tt2011366,Documentary
tt2011366,History
tt2011366,News
tt2016894,Action
tt2016894,Adventure
tt2016894,Romance
tt2023453,Comedy
tt2023453,Family
tt2024358,Short
tt2024358,Drama
tt2024396,Drama
tt2061527,Animation
tt2061527,Action
tt2061527,Adventure
tt2079466,Drama
tt2082482,Drama
tt2084970,Biography
tt2084970,Drama
tt2084970,Thriller
tt20859464,Mystery
tt20859464,Sci-Fi
tt20859464,Thriller
tt2088003,Action
tt2088003,Adventure
tt2088003,Comedy
tt2091256,Animation
tt2091256,Action
tt2091256,Adventure
tt21059520,Documentary
tt21059520,Crime
tt21059520,Mystery
tt2119543,Comedy
tt2119543,Family
tt2119543,Fantasy
tt2121839,Action
tt2121839,Adventure
tt2121839,Drama
tt2124787,Horror
tt2124787,Thriller
tt21257212,Comedy
tt21257212,History
tt2132485,Biography
tt2132485,Drama
tt2141751,Drama
tt2141751,Music
tt2141751,Romance
tt2153778,Short
tt2153778,Family
tt21688772,Documentary
tt2186995,Short
tt2186995,Biography
tt22086334,Comedy
tt22086334,Drama
tt22086334,Romance
tt2210547,Short
tt2220414,Short
tt2222164,Short
tt2222164,Drama
tt2243537,Comedy
tt2243537,Fantasy
tt2243537,Horror
tt2251519,Adventure
tt2251519,Comedy
tt2251519,Family
tt2267998,Drama
tt2267998,Mystery
tt2267998,Thriller
tt2279373,Animation
tt2279373,Adventure
tt2279373,Comedy
tt2311802,Animation
tt2311802,Short
tt2311802,Family
tt2316369,Drama
tt2318405,Action
tt2318405,Adventure
tt2318405,Fantasy
tt2326554,Drama
tt2326554,Horror
tt2326554,Romance
tt2334879,Action
tt2334879,Drama
tt2334879,Thriller
tt2354505,Documentary
tt2392680,Comedy
tt2392680,Drama
tt2397461,Adventure
tt2397461,Comedy
tt2397461,Family
tt24018360,Documentary
tt24018360,Biography
tt2411008,Comedy
tt2411008,Drama
tt2411008,Thriller
tt2446612,Short
tt2446612,Crime
tt2446612,Drama
tt2452042,Animation
tt2452042,Adventure
tt2452042,Comedy
tt2507174,Animation
tt2507174,Action
tt2507174,Sci-Fi
tt2523832,Drama
tt2543796,Comedy
tt2543796,Drama
tt2543796,Family
tt2577172,Horror
tt2577172,Thriller
tt2578426,Drama
tt2580046,Animation
tt2580046,Action
tt2580046,Adventure
tt2582496,Comedy
tt2582496,Drama
tt25899504,Short
tt25899504,Music
tt26258200,Comedy
tt26258200,Drama
tt26258200,Horror
tt2635474,N/A
tt26413708,Adventure
tt26413708,Comedy
tt26413708,Drama
tt26426076,Comedy
tt26426076,Drama
tt2652118,Action
tt2652118,Adventure
tt2652118,Drama
tt2704998,Action
tt2704998,Adventure
tt2704998,Comedy
tt2709022,Animation
tt2734628,Documentary
tt2734628,Music
tt2737206,Documentary
tt2737206,Short
tt2737206,Drama
tt27502265,Documentary
tt28131729,Action
tt28131729,Adventure
tt28131729,Drama
tt2866824,Drama
tt2872750,Animation
tt2872750,Adventure
tt2872750,Comedy
tt2873282,Action
tt2873282,Drama
tt2873282,Thriller
tt2911674,Action
tt2911674,Crime
tt2911674,Drama
tt3014284,Animation
tt3014284,Adventure
tt3014284,Comedy
tt30517551,Biography
tt30517551,Drama
tt3058736,Drama
tt3058736,Family
tt3058736,Romance
tt30845371,Crime
tt30845371,Drama
tt3089326,Drama
tt3089326,Thriller
tt3115906,Drama
tt31250580,Short
tt31497750,Documentary
tt3172532,Comedy
tt3172532,Drama
tt3172532,Romance
tt3173678,Documentary
tt3204012,Animation
tt3204012,Action
tt3204012,Adventure
tt3263436,Short
tt3263436,Action
tt3263436,Fantasy
tt3278540,Comedy
tt3278540,Romance
tt3317234,Action
tt3317234,Comedy
tt3359350,Action
tt3359350,Drama
tt3359350,Thriller
tt3399042,Drama
tt3479858,Thriller
tt3513498,Animation
tt3513498,Adventure
tt3513498,Comedy
tt3606888,Biography
tt3606888,Drama
tt3606888,Family
tt3631112,Crime
tt3631112,Drama
tt3631112,Mystery
tt3666024,Animation
tt3666024,Drama
tt3666024,Family
tt3697842,Comedy
tt3697842,Talk-Show
tt3748172,Drama
tt3748172,Horror
tt3748172,Thriller
tt3771570,Short
tt3771570,Drama
tt3771570,Mystery
tt3853830,Comedy
tt3911554,Documentary
tt3911554,Comedy
tt3911554,Drama
tt3950078,Action
tt3950078,Adventure
tt3950078,History
tt3981658,Action
tt3981658,Drama
tt3986586,Comedy
tt3986586,Drama
tt3986586,Family
tt4003440,Crime
tt4003440,Drama
tt4003440,Horror
tt4062536,Crime
tt4062536,Horror
tt4062536,Music
tt4103724,Comedy
tt4103724,Drama
tt4103724,Music
tt4116284,Animation
tt4116284,Action
tt4116284,Adventure
tt4129870,Crime
tt4129870,Drama
tt4162866,Documentary
tt4162866,Short
tt4162866,Drama
tt4176826,Comedy
tt4176826,Drama
tt4176826,Fantasy
tt4209492,Documentary
tt4209492,Adventure
tt4209492,Biography
tt4209788,Biography
tt4209788,Crime
tt4209788,Drama
tt4224754,Drama
tt4267026,Horror
tt4267026,Mystery
tt4280606,Comedy
tt4280606,Talk-Show
tt4353250,Drama
tt4447518,Action
tt4447518,Crime
tt4447518,Drama
tt4481514,Comedy
tt4481514,Crime
tt4500922,Action
tt4500922,Adventure
tt4500922,Sci-Fi
tt4547056,Action
tt4547056,Adventure
tt4547056,Drama
tt4568328,Comedy
tt4568328,Drama
tt4595186,Drama
tt4595186,Mystery
tt4595186,Thriller
tt4599430,Documentary
tt4599430,Drama
tt4630550,Crime
tt4630550,Drama
tt4630550,Mystery
tt4666618,Documentary
tt4686844,Comedy
tt4686844,Drama
tt4686844,History
tt4702300,Short
tt4702300,Action
tt4702300,Drama
tt4741310,N/A
tt4791322,Drama
tt4791322,Sport
tt4801682,Action
tt4801682,Crime
tt4801682,Romance
tt4823776,Animation
tt4823776,Adventure
tt4823776,Comedy
tt4877122,Animation
tt4877122,Adventure
tt4877122,Comedy
tt4943998,Drama
tt4943998,Western
tt5017192,Action
tt5058828,Short
tt5066556,Action
tt5066556,Adventure
tt5066556,Drama
tt5177088,Action
tt5177088,Adventure
tt5177088,Crime
tt5232622,Drama
tt5232622,Romance
tt5232622,Thriller
tt5266218,Action
tt5266218,Comedy
tt5308322,Comedy
tt5308322,Horror
tt5308322,Mystery
tt5311542,Biography
tt5311542,Drama
tt5311542,Romance
tt5323662,Animation
tt5323662,Drama
tt5339462,Animation
tt5339462,Adventure
tt5465496,Action
tt5465496,Drama
tt5465496,Thriller
tt5611978,Short
tt5611978,Comedy
tt5611978,Drama
tt5634998,Documentary
tt5695180,Short
tt5695180,Comedy
tt5695180,Drama
tt5779228,Animation
tt5779228,Adventure
tt5779228,Comedy
tt5844304,Documentary
tt5844304,Biography
tt5845332,Documentary
tt5850588,Documentary
tt5850588,Drama
tt5876392,Adventure
tt5898016,Animation
tt5898016,Short
tt5927634,Documentary
tt5956100,Action
tt5956100,Adventure
tt5956100,Thriller
tt5995602,Action
tt5995602,Drama
tt5995602,Thriller
tt6007398,Drama
tt6010216,Documentary
tt6048596,Crime
tt6048596,Drama
tt6048596,Mystery
tt6082614,Action
tt6082614,Crime
tt6082614,Drama
tt6089664,Documentary
tt6095472,Animation
tt6095472,Action
tt6095472,Adventure
tt6107548,Comedy
tt6107548,Drama
tt6138404,Documentary
tt6205862,Documentary
tt6205862,Short
tt6263222,Comedy
tt6263222,Crime
tt6263222,Drama
tt6286736,Short
tt6286736,Music
tt6300838,Animation
tt6300838,Action
tt6300838,Drama
tt6335734,Animation
tt6335734,Adventure
tt6335734,Comedy
tt6350332,Romance
tt6402468,Action
tt6402468,Drama
tt6402468,Horror
tt6520654,Action
tt6520654,Drama
tt6520654,Romance
tt6571548,Crime
tt6571548,Drama
tt6718170,Animation
tt6718170,Adventure
tt6718170,Comedy
tt6763664,Drama
tt6763664,Horror
tt6763664,Mystery
tt6892400,Crime
tt6892400,Drama
tt6892400,Mystery
tt6966692,Biography
tt6966692,Comedy
tt6966692,Drama
tt7211438,History
tt7466442,Animation
tt7466442,Adventure
tt7466442,Comedy
tt7479692,Action
tt7479692,Crime
tt7479692,Thriller
tt7598448,Drama
tt7598448,Thriller
tt7608028,Horror
tt7608028,Thriller
tt7657566,Crime
tt7657566,Drama
tt7657566,Mystery
tt7918842,Documentary
tt7918842,History
tt7918842,War
tt7991608,Action
tt7991608,Comedy
tt7991608,Thriller
tt8010354,Animation
tt8010354,Comedy
tt8010354,Drama
tt8097030,Animation
tt8097030,Adventure
tt8097030,Comedy
tt8123886,Drama
tt8123886,Romance
tt8246058,Action
tt8246058,Adventure
tt8246058,Crime
tt8254556,Drama
tt8310486,Comedy
tt8310486,Drama
tt8310674,Drama
tt8508734,Drama
tt8508734,Horror
tt8508734,Thriller
tt8824648,Crime
tt8824648,Drama
tt8824648,Fantasy
tt8847740,Animation
tt8847740,Family
tt8907992,Crime
tt8907992,Drama
tt8907992,Mystery
tt8993398,Animation
tt8993398,Drama
tt8993398,Fantasy
tt9026184,Drama
tt9026184,Horror
tt9026184,Mystery
tt9046556,Documentary
tt9046556,Biography
tt9179284,Comedy
tt9243804,Adventure
tt9243804,Drama
tt9243804,Fantasy
tt9248940,Comedy
tt9248940,Romance
tt9252508,Comedy
tt9252508,Drama
tt9252508,Family
tt9286542,Drama
tt9286542,Sci-Fi
tt9315722,Sport
tt9319380,Documentary
tt9398640,Comedy
tt9561862,Animation
tt9561862,Short
tt9561862,Action
tt9632590,Comedy
tt9632590,Drama
tt9685282,Drama
tt9688874,Action
tt9688874,Crime
tt9688874,Drama
tt9731534,Horror
tt9731534,Mystery
tt9731534,Thriller
tt9801400,Short
tt9801400,Action
tt9801400,Comedy
tt9838428,N/A
tt9869424,Documentary
tt9869424,Sport
