imdbid,schauspieler
tt0008677,Theda Bara
tt0008677,Edward Roseman
tt0008677,Louis Dean
tt0009700,William S. Hart
tt0009700,Jane Novak
tt0009700,Milton Ross
tt0014547,Lenore Ulric
tt0014547,Forrest Stanley
tt0014547,Joseph J. Dowling
tt0014606,Priscilla Dean
tt0014606,Matt Moore
tt0014606,Raymond Griffith
tt0019004,Adolphe Menjou
tt0019004,Evelyn Brent
tt0019004,Rose Dione
tt0019760,Mikhail Kaufman
tt0019760,Elizaveta Svilova
tt0020481,Frank Merrill
tt0020481,Natalie Kingston
tt0020481,Al Ferguson
tt0020503,Monte Blue
tt0020503,Lupe Velez
tt0020503,H.B. Warner
tt0022802,Warren William
tt0022802,Bette Davis
tt0022802,Guy Kibbee
tt0023158,Maurice Chevalier
tt0023158,Jeanette MacDonald
tt0023158,Charles Ruggles
tt0023293,Boris Karloff
tt0023293,Melvyn Douglas
tt0023293,Charles Laughton
tt0023594,Edward G. Robinson
tt0023594,Richard Arlen
tt0023594,Zita Johann
tt0024671,Pepe Ortiz
tt0024671,Lupita Gallardo
tt0024671,Adria Delhort
tt0025048,Marion Burns
tt0025048,Kane Richmond
tt0025048,Harry Woods
tt0025896,Anna May Wong
tt0025896,Henry Victor
tt0025896,Lawrence Grossmith
tt0026264,Fredric March
tt0026264,Merle Oberon
tt0026264,Herbert Marshall
tt0026663,Peter Lorre
tt0026663,Frances Drake
tt0026663,Colin Clive
tt0027221,Myrna Loy
tt0027221,Cary Grant
tt0027221,Roscoe Karns
tt0027349,Barton MacLane
tt0027349,June Travis
tt0027349,Warren Hull
tt0028767,Conrad Veidt
tt0028767,Vivien Leigh
tt0028767,Joan Gardner
tt0030871,Kitty Jantzen
tt0030871,La Jana
tt0030871,Philip Dorn
tt0031210,Bette Davis
tt0031210,George Brent
tt0031210,Humphrey Bogart
tt0031593,Irene Dunne
tt0031593,Charles Boyer
tt0031593,Maria Ouspenskaya
tt0031885,Marcel Dalio
tt0031885,Nora Gregor
tt0031885,Paulette Dubost
tt0032383,Claire Trevor
tt0032383,John Wayne
tt0032383,Walter Pidgeon
tt0032566,Heather Angel
tt0032566,John 'Dusty' King
tt0032566,Constance Collier
tt0032599,Cary Grant
tt0032599,Rosalind Russell
tt0032599,Ralph Bellamy
tt0032617,William Powell
tt0032617,Myrna Loy
tt0032617,Frank McHugh
tt0033616,Errol Flynn
tt0033616,Brenda Marshall
tt0033616,Ralph Bellamy
tt0034389,Red Skelton
tt0034389,Conrad Veidt
tt0034389,Ann Rutherford
tt0034587,Simone Simon
tt0034587,Tom Conway
tt0034587,Kent Smith
tt0036324,Hugh Sinclair
tt0036324,Jean Gillie
tt0036324,Gordon McLeod
tt0036439,Frank Buck
tt0036439,June Duprez
tt0036439,Duncan Renaldo
tt0036723,Rita Hayworth
tt0036723,Gene Kelly
tt0036723,Lee Bowman
tt0036745,Merle Oberon
tt0036745,Franchot Tone
tt0036745,Thomas Mitchell
tt0037378,Allan Lane
tt0037378,Linda Stirling
tt0037378,Duncan Renaldo
tt0038174,Pinto Colvig
tt0038174,Milt Kahl
tt0038174,James MacDonald
tt0038289,Deborah Kerr
tt0038289,Trevor Howard
tt0038289,Raymond Huntley
tt0038452,Sidney Toler
tt0038452,Mantan Moreland
tt0038452,Ben Carter
tt0038453,Lucille Ball
tt0038453,Clifton Webb
tt0038453,William Bendix
tt0038455,Olivia de Havilland
tt0038455,Lew Ayres
tt0038455,Thomas Mitchell
tt0038958,Steven Geray
tt0038958,Micheline Cheirel
tt0038958,Eugene Borden
tt0038988,Barbara Stanwyck
tt0038988,Van Heflin
tt0038988,Lizabeth Scott
tt0039302,Humphrey Bogart
tt0039302,Lauren Bacall
tt0039302,Bruce Bennett
tt0040270,William Holden
tt0040270,Nina Foch
tt0040270,Lee J. Cobb
tt0040725,Anton Walbrook
tt0040725,Marius Goring
tt0040725,Moira Shearer
tt0040853,Edvin Adolphson
tt0040853,Erik 'Bullen' Berglund
tt0040853,Margareta Fahlén
tt0041154,Chishû Ryû
tt0041154,Setsuko Hara
tt0041154,Yumeji Tsukioka
tt0041430,Gregory Peck
tt0041430,Ava Gardner
tt0041430,Melvyn Douglas
tt0041627,Betty Ann Davies
tt0041627,Sheila Burrell
tt0041627,Sidney James
tt0041699,Toshirô Mifune
tt0041699,Takashi Shimura
tt0041699,Keiko Awaji
tt0042379,Charlton Heston
tt0042379,Lizabeth Scott
tt0042379,Viveca Lindfors
tt0043084,Bravo
tt0043084,Jean Genet
tt0043084,Java
tt0043208,Lucille Ball
tt0043208,Desi Arnaz
tt0043208,Vivian Vance
tt0044098,Hildegard Knef
tt0044098,Gustav Fröhlich
tt0044098,Änne Bruck
tt0045129,Marguerite Chapman
tt0045129,John Archer
tt0045129,Harry Lauter
tt0045300,Johnny Weissmuller
tt0045300,Jean Byron
tt0045300,James Seay
tt0046036,Edmond O'Brien
tt0046036,Audrey Totter
tt0046036,Ted de Corsia
tt0046874,Bing Crosby
tt0046874,Grace Kelly
tt0046874,William Holden
tt0046928,Broderick Crawford
tt0046928,Ruth Roman
tt0046928,Martha Hyer
tt0047505,Dirk Bogarde
tt0047505,Alexis Smith
tt0047505,Alexander Knox
tt0047628,Lyudmila Kasatkina
tt0047628,Pavel Kadochnikov
tt0047628,Leonid Bykov
tt0048316,William Holden
tt0048316,Jennifer Jones
tt0048316,Torin Thatcher
tt0048317,Doris Day
tt0048317,James Cagney
tt0048317,Cameron Mitchell
tt0049452,Richard Egan
tt0049452,Debra Paget
tt0049452,Elvis Presley
tt0049761,Faten Hamamah
tt0049761,Omar Sharif
tt0049761,Ahmed Ramzy
tt0049854,Donald Sinden
tt0049854,Muriel Pavlow
tt0049854,Tony Wright
tt0049873,Jeff Chandler
tt0049873,Laraine Day
tt0049873,Tim Hovey
tt0050099,Van Johnson
tt0050099,Martine Carol
tt0050099,Herbert Lom
tt0050233,Dirk Bogarde
tt0050233,Margaret Lockwood
tt0050233,Kay Walsh
tt0050658,Gary Cooper
tt0050658,Audrey Hepburn
tt0050658,Maurice Chevalier
tt0051459,Elizabeth Taylor
tt0051459,Paul Newman
tt0051459,Burl Ives
tt0051604,Lino Ventura
tt0051604,Estella Blain
tt0051604,Paul Frankeur
tt0051702,Stewart Granger
tt0051702,Barbara Rush
tt0051702,Anthony Steel
tt0051732,Jean Simmons
tt0051732,Dan O'Herlihy
tt0051732,Rhonda Fleming
tt0051744,Vincent Price
tt0051744,Carol Ohmart
tt0051744,Richard Long
tt0052295,Debra Paget
tt0052295,Paul Hubschmid
tt0052295,Walther Reyer
tt0052964,Romy Schneider
tt0052964,Curd Jürgens
tt0052964,Pierre Blanchar
tt0053114,Tatsuya Nakadai
tt0053114,Michiyo Aratama
tt0053114,Chikage Awashima
tt0053361,Hayley Mills
tt0053361,Horst Buchholz
tt0053361,John Mills
tt0053750,Robert Preston
tt0053750,Dorothy McGuire
tt0053750,Eve Arden
tt0054022,Marilyn Monroe
tt0054022,Yves Montand
tt0054022,Tony Randall
tt0056586,Gianna Maria Canale
tt0056586,Anthony Steel
tt0056586,Maria Grazia Spina
tt0056703,Timothy Carey
tt0056703,Gil Barreto
tt0056703,Betty Rowland
tt0056823,Lex Schoorel
tt0056823,Nan Los
tt0056823,Van Doude
tt0057012,Peter Sellers
tt0057012,George C. Scott
tt0057012,Sterling Hayden
tt0057076,Sean Connery
tt0057076,Robert Shaw
tt0057076,Lotte Lenya
tt0057263,Natalie Wood
tt0057263,Steve McQueen
tt0057263,Edie Adams
tt0057379,Tom Poston
tt0057379,Robert Morley
tt0057379,Janette Scott
tt0058536,Billie Mae Richards
tt0058536,Burl Ives
tt0058536,Larry D. Mann
tt0058586,Peter Sellers
tt0058586,Elke Sommer
tt0058586,George Sanders
tt0058656,Jimmy Wang Yu
tt0058656,Margaret Tu Chuan
tt0058656,Ping Chin
tt0058657,Brian Keith
tt0058657,Vera Miles
tt0058657,Pamela Franklin
tt0058658,Roger Hanin
tt0058658,Maria Mauban
tt0058658,Daniela Bianchi
tt0059017,Jane Fonda
tt0059017,Lee Marvin
tt0059017,Michael Callan
tt0059978,Jonathan Frid
tt0059978,Grayson Hall
tt0059978,Alexandra Isles
tt0060153,Adam West
tt0060153,Burt Ward
tt0060153,Lee Meriwether
tt0060492,Tom Bell
tt0060492,Judi Dench
tt0060492,Paul Rogers
tt0060565,Robert Taylor
tt0060565,Geraldine Brooks
tt0060565,Chad Everett
tt0060758,Mbissine Thérèse Diop
tt0060758,Anne-Marie Jelinek
tt0060758,Momar Nar Sene
tt0061095,Roger Hanin
tt0061095,Margaret Lee
tt0061095,Michel Bouquet
tt0061177,Woody Allen
tt0061177,The Lovin' Spoonful
tt0061177,Frank Buxton
tt0062369,Eli Wallach
tt0062369,Anne Jackson
tt0062369,Bob Dishy
tt0062370,Vittorio Gassman
tt0062370,Ann-Margret
tt0062370,Eleanor Parker
tt0062376,Sidney Poitier
tt0062376,Judy Geeson
tt0062376,Christian Roberts
tt0062467,Audrey Hepburn
tt0062467,Alan Arkin
tt0062467,Richard Crenna
tt0062863,Rod Taylor
tt0062863,Yvette Mimieux
tt0062863,Peter Carsten
tt0062994,Barbra Streisand
tt0062994,Omar Sharif
tt0062994,Kay Medford
tt0063069,Larry Storch
tt0063696,Christopher George
tt0063696,Tippi Hedren
tt0063696,Dean Jagger
tt0064603,Dean Jones
tt0064603,Michele Lee
tt0064603,David Tomlinson
tt0065856,Jonathan Frid
tt0065856,Grayson Hall
tt0065856,Kathryn Leigh Scott
tt0065955,Ann-Sofie Kylin
tt0065955,Rolf Sohlman
tt0065955,Anita Lindblom
tt0066011,Ali MacGraw
tt0066011,Ryan O'Neal
tt0066011,John Marley
tt0066343,John Byner
tt0066343,Marvin Miller
tt0066456,N/A
tt0066579,Alan Bates
tt0066579,Oliver Reed
tt0066579,Glenda Jackson
tt0067310,Tony Kendall
tt0067310,Brad Harris
tt0067310,Gisela Hahn
tt0067491,David Selby
tt0067491,Grayson Hall
tt0067491,Kate Jackson
tt0068205,Bernard Verley
tt0068205,Zouzou
tt0068205,Françoise Verley
tt0068612,Skip Hinnant
tt0068612,Rosetta LeNoire
tt0068612,John McCurry
tt0068833,Sandra Peabody
tt0068833,Lucy Grantham
tt0068833,David Hess
tt0069945,Dan O'Bannon
tt0069945,Dre Pahich
tt0069945,Brian Narelle
tt0069973,Howard Vernon
tt0069973,Doris Thomas
tt0069973,Anne Libert
tt0069992,Kim Darby
tt0069992,Jim Hutton
tt0069992,Barbara Anderson
tt0069995,Julie Christie
tt0069995,Donald Sutherland
tt0069995,Hilary Mason
tt0070301,Jimmy Wang Yu
tt0070301,Kawai Okada
tt0070301,Yôko Minakaze
tt0070640,Jack Lemmon
tt0070640,Jack Gilford
tt0070640,Laurie Heineman
tt0070705,Don Wong
tt0070705,Chuck Norris
tt0070705,Sylvia Chang
tt0070723,Charlton Heston
tt0070723,Edward G. Robinson
tt0070723,Leigh Taylor-Young
tt0070778,Jimmy Wang Yu
tt0070778,Ching-Ching Chang
tt0070778,Fei Lung
tt0070968,Vic Perrin
tt0070968,Randi Kiger
tt0070968,Kazuko Sugiyama
tt0071007,Melissa Gilbert
tt0071007,Michael Landon
tt0071007,Karen Grassle
tt0071391,Christopher Lee
tt0071391,Joan Collins
tt0071391,Herbert Lom
tt0072157,Meiko Kaji
tt0072157,Jûzô Itami
tt0072157,Kazuko Yoshiyuki
tt0072730,Don Johnson
tt0072730,Jason Robards
tt0072730,Susanne Benton
tt0072890,Al Pacino
tt0072890,John Cazale
tt0072890,Penelope Allen
tt0073155,Romy Schneider
tt0073155,Fabio Testi
tt0073155,Jacques Dutronc
tt0073312,Woody Allen
tt0073312,Diane Keaton
tt0073312,Georges Adet
tt0073511,David Niven
tt0073511,Toshirô Mifune
tt0073511,Hardy Krüger
tt0073582,David Hemmings
tt0073582,Daria Nicolodi
tt0073582,Gabriele Lavia
tt0074506,Bruce Li
tt0074506,Yi Chang
tt0074506,Kang Chin
tt0074624,Jimmy Wang Yu
tt0074624,Chiao Chiao
tt0074624,Yeh Tien
tt0074806,Jodie Foster
tt0074806,Martin Sheen
tt0074806,Alexis Smith
tt0075529,Gavin MacLeod
tt0075529,Bernie Kopell
tt0075529,Ted Lange
tt0076095,Richard Dreyfuss
tt0076095,Marsha Mason
tt0076095,Quinn Cummings
tt0076162,Kimiko Ikegami
tt0076162,Miki Jinbo
tt0076162,Kumiko Ôba
tt0076519,Lung Ti
tt0076519,Feng Ku
tt0076519,Lily Li
tt0076716,Patrick Wayne
tt0076716,Jane Seymour
tt0076716,Taryn Power
tt0076823,Kabir Bedi
tt0076823,Philippe Leroy
tt0076823,Massimo Foschi
tt0077290,Siu-Lung Leung
tt0077290,Yasuaki Kurata
tt0077290,Wan-Si Wong
tt0077399,Bette Davis
tt0077399,David Ackroyd
tt0077399,Rosanna Arquette
tt0077645,Bruce Le
tt0077645,Richard Harrison
tt0077645,Jeong-lee Hwang
tt0077831,Meg Lam
tt0077831,Jason Piao Pai
tt0077831,Yuet-Sang Chin
tt0077975,John Belushi
tt0077975,Karen Allen
tt0077975,Tom Hulce
tt0078397,Ljubisa Samardzic
tt0078397,Slavko Stimac
tt0078397,Vera Cukic
tt0078771,Jean-Pierre Léaud
tt0078771,Claude Jade
tt0078771,Marie-France Pisier
tt0079027,William Devane
tt0079027,Cathy Lee Crosby
tt0079027,Richard Jaeckel
tt0079483,Jeong-lee Hwang
tt0079483,Yuen-Man Meng
tt0079483,Hoi Mang
tt0079489,George Hamilton
tt0079489,Susan Saint James
tt0079489,Richard Benjamin
tt0079588,Jim Henson
tt0079588,Frank Oz
tt0079588,Jerry Nelson
tt0079803,Bruce Li
tt0079803,Paul L. Smith
tt0079803,Yi Chang
tt0082235,Charles Durning
tt0082235,Robert F. Lyons
tt0082235,Claude Earl Jones
tt0082329,Brooke Shields
tt0082329,Martin Hewitt
tt0082329,Shirley Knight
tt0082468,Harry Belafonte
tt0082468,Caitlyn Jenner
tt0082468,Dennis Haysbert
tt0082477,John Gordon Sinclair
tt0082477,Dee Hepburn
tt0082477,Jake D'Arcy
tt0082562,Adriano Celentano
tt0082562,Ornella Muti
tt0082562,Adolfo Celi
tt0083542,Jack Palance
tt0083542,Donald Pleasence
tt0083542,Martin Landau
tt0083722,Nastassja Kinski
tt0083722,Malcolm McDowell
tt0083722,John Heard
tt0083791,Jim Henson
tt0083791,Kathryn Mullen
tt0083791,Frank Oz
tt0084922,Lung Ti
tt0084922,Ping Wang
tt0084922,Feng Ku
tt0085303,Andrea Occhipinti
tt0085303,Anny Papa
tt0085303,Fabiola Toledo
tt0085496,Cristina Sánchez Pascual
tt0085496,Will More
tt0085496,Laura Cepeda
tt0086050,Meg Tilly
tt0086050,Melissa Newman
tt0086050,Robin Evans
tt0086439,Lindsay Barr
tt0086439,Dave Bokas
tt0086439,Chris Bremer
tt0086491,Dan Aykroyd
tt0086491,Albert Brooks
tt0086491,Vic Morrow
tt0086525,Nicolas Cage
tt0086525,Deborah Foreman
tt0086525,Elizabeth Daily
tt0087182,Kyle MacLachlan
tt0087182,Virginia Madsen
tt0087182,Francesca Annis
tt0087233,Robert De Niro
tt0087233,Meryl Streep
tt0087233,Harvey Keitel
tt0087317,Reinhold Messner
tt0087317,Hans Kammerlander
tt0087317,Werner Herzog
tt0087644,Gena Rowlands
tt0087644,John Cassavetes
tt0087644,Diahnne Abbott
tt0087650,Aleksandr Mikhaylov
tt0087650,Nina Doroshina
tt0087650,Lyudmila Gurchenko
tt0087985,Patrick Swayze
tt0087985,C. Thomas Howell
tt0087985,Lea Thompson
tt0088271,Art Metrano
tt0088271,William Berger
tt0088271,Eddie Constantine
tt0089482,Teddy Robin Kwan
tt0089482,Bin Bin
tt0089482,Yin-Tze Pan
tt0089606,Anton Glanzelius
tt0089606,Tomas von Brömssen
tt0089606,Anki Lidén
tt0089893,Arnold Schwarzenegger
tt0089893,Brigitte Nielsen
tt0089893,Sandahl Bergman
tt0090490,Kirstie Alley
tt0090490,David Carradine
tt0090490,Philip Casnoff
tt0091027,Gary Busey
tt0091027,Yaphet Kotto
tt0091027,Seymour Cassel
tt0091223,William Katt
tt0091223,Kay Lenz
tt0091223,George Wendt
tt0092045,Grant Navin
tt0092045,Gordon Poole
tt0092045,Caz Lederman
tt0092106,Orson Welles
tt0092106,Robert Stack
tt0092106,Leonard Nimoy
tt0092359,Bob Saget
tt0092359,John Stamos
tt0092359,Dave Coulier
tt0092718,Patrick Dempsey
tt0092718,Amanda Peterson
tt0092718,Courtney Gains
tt0092830,John Jarratt
tt0092830,Nikki Coghill
tt0092830,Max Phipps
tt0092831,Michael Moriarty
tt0092831,Jenny Agutter
tt0092831,Carol Lynley
tt0093374,Stéphane Ferrara
tt0093374,Beate Jensen
tt0093374,Yves Beneyton
tt0093605,Adrian Pasdar
tt0093605,Jenny Wright
tt0093605,Lance Henriksen
tt0094321,Madonna
tt0094321,Griffin Dunne
tt0094321,Haviland Morris
tt0094535,Chris Barrie
tt0094535,Craig Charles
tt0094535,Danny John-Jules
tt0094924,Meryl Streep
tt0094924,Sam Neill
tt0094924,Dale Reeves
tt0095088,Cassandra Peterson
tt0095088,Phil Rubenstein
tt0095088,Larry Flash Jenkins
tt0095467,Grazyna Szapolowska
tt0095467,Olaf Lubaszenko
tt0095467,Stefania Iwinska
tt0095491,Chow Yun-Fat
tt0095491,Nina Li Chi
tt0095491,Conan Lee
tt0095803,Cameron Dye
tt0095803,Lynn Danielson-Rosenthal
tt0095803,Karen Lorre
tt0095963,Arnold Schwarzenegger
tt0095963,Jim Belushi
tt0095963,Peter Boyle
tt0096236,Jacky Cheung
tt0096236,Carol 'Do Do' Cheng
tt0096236,Simon Yam
tt0096267,Patrick Swayze
tt0096267,Piper Laurie
tt0096267,Lee Richardson
tt0096463,Melanie Griffith
tt0096463,Harrison Ford
tt0096463,Sigourney Weaver
tt0097778,John Travolta
tt0097778,Kirstie Alley
tt0097778,Olympia Dukakis
tt0098072,Joe Balogh
tt0098072,Josie Bissett
tt0098072,Jason Saucier
tt0098206,Patrick Swayze
tt0098206,Kelly Lynch
tt0098206,Sam Elliott
tt0098273,Al Pacino
tt0098273,Ellen Barkin
tt0098273,John Goodman
tt0098477,Natja Brunckhorst
tt0098477,Martina Gedeck
tt0098477,Sabine Kaack
tt0098532,Kati Outinen
tt0098532,Elina Salo
tt0098532,Esko Nikkari
tt0098994,Jason Patric
tt0098994,Rachel Ward
tt0098994,Bruce Dern
tt0099363,Ben Cross
tt0099363,Barbara Blackburn
tt0099363,Jim Fyfe
tt0099364,Robert Sampson
tt0099364,Will Bledsoe
tt0099364,Joe Turkel
tt0099472,Alan Young
tt0099472,Christopher Lloyd
tt0099472,Terence McGovern
tt0099474,David Carradine
tt0099474,Rick Hill
tt0099474,Luke Askew
tt0099810,Sean Connery
tt0099810,Alec Baldwin
tt0099810,Scott Glenn
tt0099817,Dolph Lundgren
tt0099817,Brian Benben
tt0099817,Betsy Brantley
tt0099819,Kevin Kline
tt0099819,Tracey Ullman
tt0099819,William Hurt
tt0099975,Danny Lee
tt0099975,Conan Lee
tt0099975,Ellen Chan
tt0100050,John Travolta
tt0100050,Kirstie Alley
tt0100050,Olympia Dukakis
tt0100605,Sammo Kam-Bo Hung
tt0100605,Karl Maka
tt0100605,Ming Yan Lung
tt0100967,Donnie Yen
tt0100967,Rosamund Kwan
tt0100967,David Wu
tt0101169,Hector Elizondo
tt0101169,Frank Welker
tt0101169,George Newbern
tt0101276,James Fox
tt0101276,Fanny Ardant
tt0101276,Paul McGann
tt0101660,Judd Nelson
tt0101660,Bill Paxton
tt0101660,Wayne Newton
tt0101664,Lance Baker
tt0101664,Betty C. Barlow
tt0101664,Gary Basaraba
tt0101921,Kathy Bates
tt0101921,Jessica Tandy
tt0101921,Mary Stuart Masterson
tt0102286,Sharla Cheung
tt0102286,Kwok Leung Cheung
tt0102286,Michael Wong
tt0102343,Tate Donovan
tt0102343,Sandra Bullock
tt0102343,Mary Mara
tt0102492,Anna Chlumsky
tt0102492,Macaulay Culkin
tt0102492,Dan Aykroyd
tt0102958,Daniel Giménez Cacho
tt0102958,Claudia Ramírez
tt0102958,Luis de Icaza
tt0103039,Martin Lawrence
tt0103039,John Witherspoon
tt0103039,Phyllis Yvonne Stickney
tt0103352,Ross Hull
tt0103352,Daniel DeSanto
tt0103352,Raine Pare-Coull
tt0103905,Benoît Poelvoorde
tt0103905,Jacqueline Poelvoorde-Pappaert
tt0103905,Nelly Pappaert
tt0104036,Stephen Rea
tt0104036,Jaye Davidson
tt0104036,Forest Whitaker
tt0104054,Ed Begley Jr.
tt0104054,Mimi Rogers
tt0104054,Ari Meyers
tt0104070,Meryl Streep
tt0104070,Bruce Willis
tt0104070,Goldie Hawn
tt0104662,Darío Grandinetti
tt0104662,Sandra Ballesteros
tt0104662,Nacha Guevara
tt0104765,Michelle Pfeiffer
tt0104765,Dennis Haysbert
tt0104765,Stephanie McFadden
tt0105592,Cynthia Rothrock
tt0105592,Nick Dibley
tt0105592,Fern Figueiredo
tt0105811,Annabella Sciorra
tt0105811,Jamey Sheridan
tt0105811,Alan Alda
tt0105903,Kara Ying Hung Wai
tt0105903,Chunzhong Zhang
tt0105903,Alexander Rei Lo
tt0106052,Conan O'Brien
tt0106052,The Max Weinberg 7
tt0106052,Andy Richter
tt0106053,David Letterman
tt0106053,Paul Shaffer
tt0106053,Alan Kalter
tt0106664,Timothy Hutton
tt0106664,Amy Madigan
tt0106664,Michael Rooker
tt0106941,Michael J. Fox
tt0106941,Gabrielle Anwar
tt0106941,Anthony Higgins
tt0107438,John Travolta
tt0107438,Kirstie Alley
tt0107438,David Gallagher
tt0107473,Robert De Niro
tt0107473,Uma Thurman
tt0107473,Bill Murray
tt0108327,River Phoenix
tt0108327,Samantha Mathis
tt0108327,Dermot Mulroney
tt0108551,Angela Bassett
tt0108551,Laurence Fishburne
tt0108551,RaéVen Kelly
tt0109078,Gary Graham
tt0109078,Eric Pierpoint
tt0109078,Michele Scarabelli
tt0109307,Virginia Madsen
tt0109307,Tôru Nakamura
tt0109307,Dean Hallo
tt0109542,Constantin Draganescu
tt0109542,Angela Featherstone
tt0109542,Cristina Stoica
tt0109542,Valentin Teodesiu
tt0109550,Louise Salter
tt0109550,Venera Simmons
tt0109550,Mariya Kapnist
tt0109551,Stephen McHattie
tt0109551,Scott Wickware
tt0109551,Brion James
tt0109962,Stephen Chow
tt0109962,Anita Yuen
tt0109962,Kar-Ying Law
tt0109965,David Hayter
tt0109965,Kathy Christopherson
tt0109965,Bruno Patrick
tt0110093,Nick Nolte
tt0110093,Julia Roberts
tt0110093,Saul Rubinek
tt0110391,Warren Beatty
tt0110391,Annette Bening
tt0110391,Katharine Hepburn
tt0110395,Gil Bellows
tt0110395,Renée Zellweger
tt0110395,Rory Cochrane
tt0110613,Dan Aykroyd
tt0110613,Jamie Lee Curtis
tt0110613,Anna Chlumsky
tt0110852,Stephen Chow
tt0110852,Christy Chung
tt0110852,Man-Tat Ng
tt0110982,Robert Carradine
tt0110982,Curtis Armstrong
tt0110982,Julia Montgomery
tt0111495,Irène Jacob
tt0111495,Jean-Louis Trintignant
tt0111495,Frédérique Feder
tt0111662,Simon Yam
tt0111662,Ching-Wan Lau
tt0111662,Yeung-Ming Wan
tt0111727,Mark Hamill
tt0111727,Malcolm McDowell
tt0111727,John Rhys-Davies
tt0111727,Jason Bernard
tt0112572,Shelley Long
tt0112572,Gary Cole
tt0112572,Christine Taylor
tt0112606,Matthew Modine
tt0112606,Randy Quaid
tt0112606,Paul Reiser
tt0113198,Bill Farmer
tt0113198,Jason Marsden
tt0113198,Jim Cummings
tt0113356,Stephen Chow
tt0113356,Karen Mok
tt0113356,Yat-Fei Wong
tt0113416,Laurel Holloman
tt0113416,Nicole Ari Parker
tt0113416,Maggie Moore
tt0113703,Miho Nakayama
tt0113703,Etsushi Toyokawa
tt0113703,Bunjaku Han
tt0113729,Chris O'Donnell
tt0113729,Drew Barrymore
tt0113729,Matthew Lillard
tt0114095,Parker Posey
tt0114095,Omar Townsend
tt0114095,The Lady Bunny
tt0114188,William Katt
tt0114188,Justin Chapman
tt0114188,Sherman Howard
tt0114614,Lori Petty
tt0114614,Ice-T
tt0114614,Naomi Watts
tt0114781,Steven Seagal
tt0114781,Eric Bogosian
tt0114781,Everett McGill
tt0115151,Eric Close
tt0115151,J.T. Walsh
tt0115151,Lackos
tt0116030,Paul Mercurio
tt0116030,Harley Jane Kozak
tt0116030,Michael York
tt0116242,Woody Allen
tt0116242,Goldie Hawn
tt0116242,Julia Roberts
tt0116414,Theresa Randle
tt0116414,Isaiah Washington
tt0116414,Spike Lee
tt0116621,Sandra Bullock
tt0116621,Chris O'Donnell
tt0116621,Mackenzie Astin
tt0116743,Naveen Andrews
tt0116743,Sarita Choudhury
tt0116743,Indira Varma
tt0117891,Martin Lawrence
tt0117891,Lynn Whitfield
tt0117891,Regina King
tt0117905,Maggie Cheung
tt0117905,Leon Lai
tt0117905,Eric Tsang
tt0117911,Ted Jan Roberts
tt0117911,Carol Potter
tt0117911,Jennifer Lyons
tt0118159,Mig Macario
tt0118159,Kelly Benson
tt0118159,Frank Cassini
tt0118491,Jan Anderson
tt0118491,Rakie Ayola
tt0118491,Suzanne Packer
tt0118556,Meg Ryan
tt0118556,Matthew Broderick
tt0118556,Kelly Preston
tt0118694,Tony Leung Chiu-wai
tt0118694,Maggie Cheung
tt0118694,Ping-Lam Siu
tt0118843,Bajram Severdzan
tt0118843,Srdjan 'Zika' Todorovic
tt0118843,Branka Katic
tt0118929,Rufus Sewell
tt0118929,Kiefer Sutherland
tt0118929,Jennifer Connelly
tt0118930,Guy Boyd
tt0118930,Brad Pitt
tt0118930,Cheryl Pollak
tt0119174,Michael Douglas
tt0119174,Deborah Kara Unger
tt0119174,Sean Penn
tt0119572,Larenz Tate
tt0119572,Nia Long
tt0119572,Isaiah Washington
tt0119574,John Hurt
tt0119574,Jason Priestley
tt0119574,Fiona Loewi
tt0119577,Derek Jacobi
tt0119577,Daniel Craig
tt0119577,Tilda Swinton
tt0120689,Tom Hanks
tt0120689,Michael Clarke Duncan
tt0120689,David Morse
tt0120863,Jim Caviezel
tt0120863,Sean Penn
tt0120863,Nick Nolte
tt0120885,Dustin Hoffman
tt0120885,Robert De Niro
tt0120885,Anne Heche
tt0123324,Halle Berry
tt0123324,Vivica A. Fox
tt0123324,Lela Rochon
tt0124315,Tobey Maguire
tt0124315,Charlize Theron
tt0124315,Michael Caine
tt0124718,Denzel Washington
tt0124718,Milla Jovovich
tt0124718,Ray Allen
tt0126698,Jalal Merhi
tt0126698,Bolo Yeung
tt0126698,Cynthia Rothrock
tt0126916,Kevin Costner
tt0126916,Kelly Preston
tt0126916,John C. Reilly
tt0127760,George Montgomery
tt0127760,Victoria Shaw
tt0127760,Marshall Thompson
tt0129023,Alan Rickman
tt0129023,Polly Walker
tt0129023,Norman Reedus
tt0133011,José Wilker
tt0133011,Marieta Severo
tt0133011,Jonas Bloch
tt0134858,Sande N. Johnsen
tt0134858,Nadja Swensen
tt0134858,Ignacio Del Magro
tt0137330,Traylor Howard
tt0137330,Ryan Reynolds
tt0137330,Richard Ruccolo
tt0138097,Gwyneth Paltrow
tt0138097,Joseph Fiennes
tt0138097,Geoffrey Rush
tt0140745,Philip Ahn
tt0140745,Philip Bruns
tt0140745,William Devane
tt0141006,Jalal Merhi
tt0141006,Monika Schnarre
tt0141006,Lazar Rockwood
tt0141006,Jamie Farr
tt0142032,William Hurt
tt0142032,Alec Newman
tt0142032,Giancarlo Giannini
tt0143940,Harry Piel
tt0143940,Friedl Hardt
tt0143940,Hilde Hildebrand
tt0144201,Vanessa Paradis
tt0144201,Daniel Auteuil
tt0144201,Frédéric Pfluger
tt0149593,Tom Morrison
tt0150662,Alexandra Dahlström
tt0150662,Rebecka Liljeberg
tt0150662,Erica Carlson
tt0153080,Keith David
tt0153080,Khalil Kain
tt0153080,Freda Foh Shen
tt0156812,Frankie Muniz
tt0156812,Kevin Bacon
tt0156812,Diane Lane
tt0160910,Jason Court
tt0160910,Angela Harry
tt0160910,Christopher Neame
tt0160910,Bennet Guillory
tt0161191,John Nolan
tt0161191,Prunella Gee
tt0161191,Sharon Maughan
tt0165247,Ryong Keo
tt0165247,Jeong-lee Hwang
tt0165247,Jeong-ah Seo
tt0165727,Tien-Te Hsu
tt0165727,Chen Yi
tt0165727,Lan Lo
tt0165798,Forest Whitaker
tt0165798,Henry Silva
tt0165798,John Tormey
tt0166252,Kate Capshaw
tt0166252,Tom Everett Scott
tt0166252,Tom Selleck
tt0167400,Müsfik Kenter
tt0167400,Sema Özcan
tt0167400,Süleyman Tekcan
tt0168629,Björk
tt0168629,Catherine Deneuve
tt0168629,David Morse
tt0172184,Daniel Bernhardt
tt0172184,Ivan Ivanov
tt0172184,Lisa Stothard
tt0172493,Winona Ryder
tt0172493,Angelina Jolie
tt0172493,Clea DuVall
tt0175142,Anna Faris
tt0175142,Jon Abrahams
tt0175142,Marlon Wayans
tt0185371,Geoffrey Rush
tt0185371,Famke Janssen
tt0185371,Taye Diggs
tt0186619,N/A
tt0186726,Kirsten Storms
tt0186726,Raven-Symoné
tt0186726,Bob Bancroft
tt0188453,Nicole Kidman
tt0188453,Vincent Cassel
tt0188453,Ben Chaplin
tt0188863,French Stewart
tt0188863,Bridgette Wilson-Sampras
tt0188863,Bill Bellamy
tt0189649,Carey Wilson
tt0189649,Johnny Mitchell
tt0189649,William Bailey
tt0190332,Chow Yun-Fat
tt0190332,Michelle Yeoh
tt0190332,Ziyi Zhang
tt0190641,Veronica Taylor
tt0190641,Rachael Lillis
tt0190641,Eric Stuart
tt0190829,Tim Andrews
tt0190829,Janell Blanchard
tt0190829,Jeff Boland
tt0197951,Jalal Merhi
tt0197951,Cynthia Rothrock
tt0197951,Loren Avedon
tt0199725,Sanaa Lathan
tt0199725,Omar Epps
tt0199725,Glenndon Chatman
tt0199727,Sadie Frost
tt0199727,Jonny Lee Miller
tt0199727,Jude Law
tt0199753,Val Kilmer
tt0199753,Carrie-Anne Moss
tt0199753,Tom Sizemore
tt0201992,Chi Ling Chiu
tt0202109,Ping Wang
tt0202109,Chun-Lung Yu
tt0202109,Miao Tien
tt0202880,Hideki Takahashi
tt0202880,Masako Izumi
tt0202880,Shôbun Inoue
tt0203233,Fei Meng
tt0203233,Lin Lin Li
tt0203233,Chi Lin
tt0203233,Shui-Fan Fung
tt0203523,Martin Hynes
tt0203523,Lisa Jakub
tt0203523,Jason Peck
tt0204709,Nathalie Baye
tt0204709,Sergi López
tt0204709,Jacques Viala
tt0204993,Jessica Alba
tt0204993,Michael Weatherly
tt0204993,Richard Gunn
tt0206080,Richard Kiley
tt0206516,Masako Nozawa
tt0206516,Nana Yamaguchi
tt0206516,Kei Tomiyama
tt0208003,Martin Lawrence
tt0208003,Nia Long
tt0208003,Paul Giamatti
tt0210234,Veronica Taylor
tt0210234,Rica Matsumoto
tt0210234,Ikue Ôtani
tt0211042,George Eastman
tt0211042,Krung Srivilai
tt0211042,Kam Wong Lung
tt0212558,Evgeniy Leonov
tt0212558,Aleksey Ptitsyn
tt0212558,Aleksandr Baranov
tt0219374,Kathy Bates
tt0219374,Rupert Everett
tt0219374,Jonathan Pryce
tt0220880,Marty Grabstein
tt0220880,Thea White
tt0220880,Peter Fernandez
tt0221023,Tracey Helton
tt0221023,Alice McMunn
tt0221023,Jessica Snow
tt0221218,Diane Lane
tt0221218,Leelee Sobieski
tt0221218,Stellan Skarsgård
tt0224626,Paulina Porizkova
tt0224626,Judd Nelson
tt0224626,Larry Drake
tt0228183,Lash LaRue
tt0228183,Anna Lane Tatum
tt0228183,Cynthia Bailey
tt0234137,Famke Janssen
tt0234137,Jon Favreau
tt0234137,Noah Emmerich
tt0235327,Marc Singer
tt0240793,Rudolf Martin
tt0240793,Jane March
tt0240793,Christopher Brand
tt0243255,Anaïs Reboux
tt0243255,Roxane Mesquida
tt0243255,Libero De Rienzo
tt0244479,Ondrej Vetchý
tt0244479,Krystof Hádek
tt0244479,Tara Fitzgerald
tt0248555,Don Wong
tt0248555,Cecil Peoples
tt0248555,Ming Chin
tt0251736,Sid Haig
tt0251736,Karen Black
tt0251736,Bill Moseley
tt0257106,Anna Faris
tt0257106,Marlon Wayans
tt0257106,Antony Acker
tt0259054,Brendan Hines
tt0259054,Elizabeth Banks
tt0259054,Kris Park
tt0259656,N/A
tt0262287,Ramesh Babu Ghattamaneni
tt0262287,Bhanupriya
tt0262287,Mohan Babu
tt0262830,Julian Lee
tt0262830,Gary Sirchia
tt0262830,Maiz Lucero
tt0263074,Sener Sen
tt0263074,Pitircik Akerman
tt0263074,Aytaç Yörükaslan
tt0263975,Türkan Soray
tt0263975,Kadir Inanir
tt0263975,Ahmet Mekin
tt0264796,Hayden Christensen
tt0264796,Kevin Kline
tt0264796,Kristin Scott Thomas
tt0265208,Emile Hirsch
tt0265208,Elisha Cuthbert
tt0265208,Timothy Olyphant
tt0266987,Robert Redford
tt0266987,Brad Pitt
tt0266987,Catherine McCormack
tt0269217,Chartchai Ngamsan
tt0269217,Stella Malucchi
tt0269217,Supakorn Kitsuwon
tt0270480,Pilar López de Ayala
tt0270480,Daniele Liotti
tt0270480,Rosana Pastor
tt0271111,Eveline Fischer
tt0271111,Chris Sutherland
tt0271111,Chris Seavor
tt0271111,John Silke
tt0272338,Adam Sandler
tt0272338,Emily Watson
tt0272338,Philip Seymour Hoffman
tt0273689,Joaquin Phoenix
tt0273689,Claire Danes
tt0273689,Sean Penn
tt0274965,Adele Mara
tt0274965,Kane Richmond
tt0274965,Richard Fraser
tt0275277,Beau Billingslea
tt0275277,Melissa Fahn
tt0275277,Nicholas Guest
tt0277371,Chyler Leigh
tt0277371,Jaime Pressly
tt0277371,Chris Evans
tt0277657,N/A
tt0279113,Jennifer Aniston
tt0279113,Jake Gyllenhaal
tt0279113,Deborah Rush
tt0279331,Kurt Russell
tt0279331,Ving Rhames
tt0279331,Scott Speedman
tt0280609,Sean Pertwee
tt0280609,Kevin McKidd
tt0280609,Emma Cleasby
tt0281360,Tomás Rubio
tt0281360,Dawn Caddel
tt0281360,Glenn Stafford
tt0281360,Chris Metzen
tt0282698,Philip Seymour Hoffman
tt0282698,Annie Morgan
tt0282698,Kathy Bates
tt0283877,Mila Kunis
tt0283877,William Shatner
tt0283877,Geraint Wyn Davies
tt0283877,Robin Dunne
tt0284244,Uwe Ochsenknecht
tt0284244,Barbara Rudnik
tt0284244,Peter Sattmann
tt0285680,Bruce Locke
tt0285680,Richard Lynch
tt0285680,Robert Z'Dar
tt0286788,Amanda Bynes
tt0286788,Colin Firth
tt0286788,Kelly Preston
tt0287839,Alec Newman
tt0287839,Daniela Amavia
tt0287839,James McAvoy
tt0289765,Anthony Hopkins
tt0289765,Edward Norton
tt0289765,Ralph Fiennes
tt0290326,Priyanshu Chatterjee
tt0290326,Sandali Sinha
tt0290326,Himanshu Malik
tt0292945,Emamali Habibi
tt0292945,Nilufar
tt0292945,Dariush Talayi
tt0293069,River Phoenix
tt0293069,Judy Davis
tt0293069,Jonathan Pryce
tt0293715,Cha Tae-hyun
tt0293715,Jun Ji-hyun
tt0293715,In-mun Kim
tt0294433,Joseph Campanella
tt0294433,Leo Grillo
tt0294433,Warner Passanisi
tt0300051,Ben Affleck
tt0300051,Liv Tyler
tt0300051,Raquel Castro
tt0301370,Tae-jeong Kim
tt0301370,Ti Hua
tt0301370,Ching Te Chen
tt0301370,Jackie Chen
tt0304824,Sean Michael Guess
tt0305669,Steve Martin
tt0305669,Queen Latifah
tt0305669,Eugene Levy
tt0306047,Anna Faris
tt0306047,Charlie Sheen
tt0306047,Regina Hall
tt0306841,Hilary Duff
tt0306841,Adam Lamberg
tt0306841,Clayton Snyder
tt0308252,Kevin Zegers
tt0308252,Jesse James
tt0308252,Rachel Skarsten
tt0308379,Hitomi Kuroki
tt0308379,Rio Kanno
tt0308379,Mirei Oguchi
tt0309530,Ewan McGregor
tt0309530,Renée Zellweger
tt0309530,David Hyde Pierce
tt0312528,Mike Myers
tt0312528,Spencer Breslin
tt0312528,Dakota Fanning
tt0313016,Greg Serano
tt0313016,Gina Ravera
tt0313016,Mary Mara
tt0314331,Hugh Grant
tt0314331,Martine McCutcheon
tt0314331,Liam Neeson
tt0314405,Elaine Partnow
tt0314405,Gene Husman
tt0314405,Korian Nigian
tt0315638,Miguel Rodarte
tt0315638,Irán Castillo
tt0315638,Isaura Espinoza
tt0315983,Jennifer Connelly
tt0315983,Ben Kingsley
tt0315983,Ron Eldard
tt0317676,Jonathan Cherry
tt0317676,Tyron Leitso
tt0317676,Clint Howard
tt0322802,Johnny Knoxville
tt0322802,Bam Margera
tt0322802,Chris Pontius
tt0323807,Fabrizio Bentivoglio
tt0323807,Laura Morante
tt0323807,Nicoletta Romanoff
tt0324013,Troy Garity
tt0324013,Lee Pace
tt0324013,Andre Braugher
tt0325618,Colin Vint
tt0325618,Christopher Heyerdahl
tt0325618,Smriti Mishra
tt0325733,Daniel Brühl
tt0325733,August Diehl
tt0325733,Anna Maria Mühe
tt0327643,Jenny McCarthy-Wahlberg
tt0327643,Eddie Kaye Thomas
tt0327643,Carmen Electra
tt0328077,Desmond Harrington
tt0328077,Melissa Sagemiller
tt0328077,Udo Kier
tt0329200,French Stewart
tt0329200,Erick Avari
tt0329200,Barbara Babcock
tt0333780,Reese Witherspoon
tt0333780,Sally Field
tt0333780,Bob Newhart
tt0335119,Scarlett Johansson
tt0335119,Colin Firth
tt0335119,Tom Wilkinson
tt0337592,Nick Cannon
tt0337592,Christina Milian
tt0337592,Jordan Burg
tt0338459,Daryl Sabara
tt0338459,Alexa PenaVega
tt0338459,Antonio Banderas
tt0344160,Stanley Kubrick
tt0344160,Richard Nixon
tt0344160,Buzz Aldrin
tt0344160,Loïs Aldrin
tt0345591,Katherine Heigl
tt0345591,Dale Midkiff
tt0345591,Corbin Bernsen
tt0345950,Tom Kenny
tt0345950,Jeffrey Tambor
tt0345950,Rodger Bumpass
tt0347618,Chizuru Ikewaki
tt0347618,Yoshihiko Hakamada
tt0347618,Aki Maeda
tt0349682,Lenn Kudrjawizki
tt0349682,Stipe Erceg
tt0349682,Marek Wlodarczyk
tt0356634,Breckin Meyer
tt0356634,Jennifer Love Hewitt
tt0356634,Stephen Tobolowsky
tt0362120,Anna Faris
tt0362120,Regina Hall
tt0362120,Craig Bierko
tt0364517,Guillaume Canet
tt0364517,Marion Cotillard
tt0364517,Thibault Verhaeghe
tt0369226,Christian Slater
tt0369226,Tara Reid
tt0369226,Stephen Dorff
tt0369672,Scarlett Johansson
tt0369672,John Travolta
tt0369672,Gabriel Macht
tt0375735,Rhys Ifans
tt0375735,Daniel Craig
tt0375735,Samantha Morton
tt0382189,Natalie Press
tt0382189,Emily Blunt
tt0382189,Paddy Considine
tt0382628,Jennifer Connelly
tt0382628,Ariel Gade
tt0382628,John C. Reilly
tt0384252,Maximilian Artajo
tt0384252,Patrick Baehr
tt0384252,Anna Friedrich
tt0384252,Jürgen Kluckert
tt0384629,Stig Wemyss
tt0384629,Terry Gill
tt0384629,Martine Shea
tt0384629,Clement von Franckenstein
tt0385002,Elijah Wood
tt0385002,Charlie Hunnam
tt0385002,Claire Forlani
tt0385004,Ziyi Zhang
tt0385004,Takeshi Kaneshiro
tt0385004,Andy Lau
tt0385880,Mitchel Musso
tt0385880,Sam Lerner
tt0385880,Spencer Locke
tt0387126,Luke Goss
tt0387126,Kevin Howarth
tt0387126,Matt Lucas
tt0387228,Sammo Kam-Bo Hung
tt0387228,Pei-Pei Cheng
tt0387228,Siu-Wong Fan
tt0387228,Jade Leung
tt0388980,Shia LaBeouf
tt0388980,Stephen Dillane
tt0388980,Elias Koteas
tt0389790,Jerry Seinfeld
tt0389790,Renée Zellweger
tt0389790,Matthew Broderick
tt0390559,N.T. Rama Rao
tt0390559,Rajinikanth
tt0390559,Radha Saluja
tt0391304,Ashton Kutcher
tt0391304,Amanda Peet
tt0391304,Taryn Manning
tt0391908,Lorenzo Lamas
tt0391908,Simmone Mackinnon
tt0391908,Jeffrey Gorman
tt0391908,Ross Manarchy
tt0393735,Tim Allen
tt0393735,Kristin Davis
tt0393735,Craig Kilborn
tt0393879,Ramya Krishnan
tt0393879,Sangeetha
tt0393879,Brahmanandam
tt0397065,Chad Michael Murray
tt0397065,Paris Hilton
tt0397065,Elisha Cuthbert
tt0397113,Hayden Panettiere
tt0397113,Bill Pullman
tt0397113,Troy Evans
tt0397442,Blake Lively
tt0397442,Leighton Meester
tt0397442,Penn Badgley
tt0397619,Lee Eol
tt0397619,Kwak Ji-min
tt0397619,Han Yeo-reum
tt0398868,Roger Waters
tt0398868,Storm Thorgerson
tt0398868,Nigel Williamson
tt0398868,David Fricke
tt0398883,Toni Servillo
tt0398883,Olivia Magnani
tt0398883,Adriano Giannini
tt0399060,Bryan Schany
tt0399060,Abby Wathen
tt0399060,Casey Clark
tt0401828,N/A
tt0402249,Kate Greenhouse
tt0402249,Bruce McFee
tt0402249,Jeff Seymour
tt0404220,Reb Fleming
tt0404220,Geoff Hansen
tt0404220,Eric Jacobs
tt0404254,Elisha Cuthbert
tt0404254,Jesse Bradford
tt0404254,Austin Basis
tt0405497,Xiangling Tong
tt0405497,Jinbo Shen
tt0405497,Kuixi Han
tt0407269,Dougray Scott
tt0407269,Jennifer Love Hewitt
tt0407269,David Christian
tt0407658,Vin Diesel
tt0407658,Rhiana Griffith
tt0407658,Keith David
tt0407658,Roger Jackson
tt0408318,Jakob Cedergren
tt0408318,Nicolas Bro
tt0408318,Tilly Scott Pedersen
tt0410297,Keanu Reeves
tt0410297,Sandra Bullock
tt0410297,Christopher Plummer
tt0411265,Don Digiulio
tt0411265,Jeanie Cheek
tt0411265,Jennifer Leigh
tt0411265,B.W. York
tt0411267,Sean Bean
tt0411267,Maria Bello
tt0411267,Sophie Stuckey
tt0412142,Hugh Laurie
tt0412142,Omar Epps
tt0412142,Robert Sean Leonard
tt0413406,Greg Ellis
tt0413406,Terry Gill
tt0413406,Peta Johnson
tt0413406,Clement von Franckenstein
tt0416675,Ye Liu
tt0416675,Aidan Quinn
tt0416675,Meryl Streep
tt0416881,Satoshi Tsumabuki
tt0416881,Chizuru Ikewaki
tt0416881,Juri Ueno
tt0417001,Diane Lane
tt0417001,John Cusack
tt0417001,Elizabeth Perkins
tt0419198,Roberto Benigni
tt0419198,Jean Reno
tt0419198,Nicoletta Braschi
tt0419208,N/A
tt0420252,Thomas Jay Ryan
tt0420252,Adrienne Shelly
tt0420252,Robert Cucuzza
tt0420555,Monica Bellucci
tt0420555,Bernard Campan
tt0420555,Gérard Depardieu
tt0421030,Bill Paxton
tt0421030,Jeanne Tripplehorn
tt0421030,Chloë Sevigny
tt0421239,Rachel McAdams
tt0421239,Cillian Murphy
tt0421239,Brian Cox
tt0421729,Martin Lawrence
tt0421729,Emily Procter
tt0421729,Nia Long
tt0422434,Tahir Shah
tt0422434,Richard Fowler
tt0422434,Eduardo Huamani
tt0424430,Takao Osawa
tt0424430,Kô Shibasaki
tt0424430,Masami Nagasawa
tt0424873,Ipek Tuzcuoglu
tt0424873,Ece Uslu
tt0424873,Özgü Namal
tt0425637,Tony Leung Chiu-wai
tt0425637,Takeshi Kaneshiro
tt0425637,Fengyi Zhang
tt0426592,Drake Bell
tt0426592,Leslie Nielsen
tt0426592,Sara Paxton
tt0426883,Emile Hirsch
tt0426883,Justin Timberlake
tt0426883,Anton Yelchin
tt0428579,Sarah Michelle Gellar
tt0428579,Alec Baldwin
tt0428579,Maggie Grace
tt0429626,Mohamad Ali Fardin
tt0429626,Victoria
tt0429626,Jamshid Mehrdad
tt0431308,Hilary Swank
tt0431308,Gerard Butler
tt0431308,Harry Connick Jr.
tt0431641,Aya Ueto
tt0431641,Yûma Ishigaki
tt0431641,Chiaki Kuriyama
tt0432402,Sienna Miller
tt0432402,Guy Pearce
tt0432402,Hayden Christensen
tt0433360,Michelle Kegley
tt0433360,Austin Brett Fednander
tt0433360,Rachael Rollings
tt0433963,Jamie-Lynn Sigler
tt0433963,Patrick Renna
tt0433963,David Clayton Rogers
tt0437729,Craig Ferguson
tt0437729,Shadoe Stevens
tt0437729,Josh Robert Thompson
tt0441834,Banjô Ginga
tt0441834,Hideyuki Hori
tt0441834,Kôji Yada
tt0443518,Bill Nighy
tt0443518,Kelly Macdonald
tt0443518,Meneka Das
tt0445094,Robert Deioma
tt0445094,Paulette Garcia
tt0445094,Treisa Gary
tt0445094,Andy S. Allen
tt0445840,Tony Liu
tt0445840,Ni Tien
tt0445840,Jason Piao Pai
tt0449306,Salman Khan
tt0449306,Sneha Ullal
tt0449306,Mithun Chakraborty
tt0451109,Bill Cowell
tt0451109,Kelleigh Murray
tt0451109,Alyssa Cowell
tt0452608,Jason Statham
tt0452608,Joan Allen
tt0452608,Tyrese Gibson
tt0452643,Brittany Murphy
tt0452643,Matthew Rhys
tt0452643,Catherine Tate
tt0452971,Quim Gutiérrez
tt0452971,Raúl Arévalo
tt0452971,Marta Etura
tt0454431,Anil Kapoor
tt0454431,Suniel Shetty
tt0454431,Arshad Warsi
tt0456481,Salman Khan
tt0456481,Akshay Kumar
tt0456481,Preity G Zinta
tt0456773,Christian Steyer
tt0456773,Jörg Gräser
tt0456773,Jens Hirmer
tt0459945,Vasiliy Livanov
tt0459945,Vitali Solomin
tt0459945,Rina Zelyonaya
tt0459945,Borislav Brondukov
tt0460435,Leelee Sobieski
tt0460435,Tara Fitzgerald
tt0460435,Christian Olson
tt0462538,Dan Castellaneta
tt0462538,Julie Kavner
tt0462538,Nancy Cartwright
tt0462667,Clovis Cornillac
tt0462667,Diane Kruger
tt0462667,Edouard Baer
tt0466342,Alyson Hannigan
tt0466342,Adam Campbell
tt0466342,Fred Willard
tt0466408,Daniel Olbrychski
tt0466408,Udo Wachtveitl
tt0466408,Thomas Heinze
tt0467200,Natalie Portman
tt0467200,Scarlett Johansson
tt0467200,Eric Bana
tt0468558,David Feherty
tt0468558,Tiger Woods
tt0468569,Christian Bale
tt0468569,Heath Ledger
tt0468569,Aaron Eckhart
tt0468644,Michiel Romeyn
tt0468644,Thomas Acda
tt0468644,Anneke Blok
tt0469318,Thomas Jane
tt0469318,Lauren German
tt0469318,Ron Perlman
tt0477139,Patrick Fugit
tt0477139,Shea Whigham
tt0477139,Tom Waits
tt0477574,Sandeep Bedi
tt0477574,Mithun Chakraborty
tt0477574,Roshini Jaffery
tt0481006,Péter Rudolf
tt0481006,Gábor Reviczky
tt0481006,Imre Csuja
tt0481006,Sándor Gáspár
tt0482527,Samaire Armstrong
tt0482527,Kevin Zegers
tt0482527,Sherry Miller
tt0482930,Yuk Long Wong
tt0482930,Louis Koo
tt0482930,Isabella Leong
tt0483184,Suresh Gopi
tt0483184,Saikumar
tt0483184,Siddique
tt0483578,Takuya Kimura
tt0483578,Rei Dan
tt0483578,Mitsugorô Bandô
tt0484562,Alexander Ludwig
tt0484562,Ian McShane
tt0484562,Christopher Eccleston
tt0484740,Javier Bardem
tt0484740,Giovanna Mezzogiorno
tt0484740,Benjamin Bratt
tt0485376,Thora Birch
tt0485376,Toby Stephens
tt0485376,Christien Anholt
tt0486651,Lisa Vidal
tt0486651,David Chisum
tt0486651,Joshua Pelegrin
tt0490076,Amber Heard
tt0490076,Anson Mount
tt0490076,Whitney Able
tt0490228,Maximilienne Ewalt
tt0490228,David Feherty
tt0490228,Amos Glick
tt0490228,Roger Jackson
tt0492956,Dwayne Johnson
tt0492956,Kyra Sedgwick
tt0492956,Madison Pettis
tt0498483,Nicole McDuffie
tt0498483,David Michie
tt0498483,Michaela Sampite
tt0757157,Hyun Bin
tt0757157,Park Jin-young
tt0757157,Lim Ju-hwan
tt0758740,Stephen Baldwin
tt0758740,Rob LaBelle
tt0758740,Gardiner Millar
tt0758752,Jake Gyllenhaal
tt0758752,Anne Hathaway
tt0758752,Judy Greer
tt0770772,Chris Rock
tt0770772,Kerry Washington
tt0770772,Gina Torres
tt0783238,Toni Collette
tt0783238,Brittany Murphy
tt0783238,Marcia Gay Harden
tt0784938,N/A
tt0792986,Aure Atika
tt0792986,Guillaume Depardieu
tt0792986,Nicole Garcia
tt0795363,Chow Yun-Fat
tt0795363,Michelle Yeoh
tt0795363,Stephen Chang
tt0795363,Kevin Christian Chong
tt0795368,Matthew Macfadyen
tt0795368,Peter Dinklage
tt0795368,Ewen Bremner
tt0795461,Simon Rex
tt0795461,Ashley Tisdale
tt0795461,Charlie Sheen
tt0799949,Kal Penn
tt0799949,Jennifer Coolidge
tt0799949,Fred Willard
tt0800027,Morgan Freeman
tt0800027,Radha Mitchell
tt0800027,Alexa Davalos
tt0803061,Josh Lucas
tt0803061,Rachael Taylor
tt0803061,Rohan Nichol
tt0805564,Ryan Gosling
tt0805564,Emily Mortimer
tt0805564,Paul Schneider
tt0806165,Brittany Murphy
tt0806165,Toshiyuki Nishida
tt0806165,Tammy Blanchard
tt0808399,Shia LaBeouf
tt0808399,Natalie Portman
tt0808399,Bradley Cooper
tt0808506,Riisa Naka
tt0808506,Takuya Ishida
tt0808506,Mitsutaka Itakura
tt0809497,Michelle Borth
tt0809497,Tim DeKay
tt0809497,Aislinn Paul
tt0810819,Eddie Redmayne
tt0810819,Alicia Vikander
tt0810819,Amber Heard
tt0811138,Mike Myers
tt0811138,Jessica Alba
tt0811138,Romany Malco
tt0819714,Keira Knightley
tt0819714,Sienna Miller
tt0819714,Matthew Rhys
tt0830558,William Atherton
tt0830558,Blythe Auffarth
tt0830558,Blanche Baker
tt0836641,N/A
tt0844708,Garret Dillahunt
tt0844708,Monica Potter
tt0844708,Tony Goldwyn
tt0846308,Abigail Breslin
tt0846308,Stanley Tucci
tt0846308,Joan Cusack
tt0852705,N/A
tt0852713,Anna Faris
tt0852713,Colin Hanks
tt0852713,Emma Stone
tt0854678,Alex Gibney
tt0854678,Brian Keith Allen
tt0854678,Moazzam Begg
tt0856262,Anthony Chau-Sang Wong
tt0856262,Collin Chou
tt0856262,Karen Tong
tt0873886,Michael Parks
tt0873886,Melissa Leo
tt0873886,John Goodman
tt0877057,Mamoru Miyano
tt0877057,Brad Swaile
tt0877057,Vincent Tong
tt0879870,Julia Roberts
tt0879870,Javier Bardem
tt0879870,Richard Jenkins
tt0883398,Daniel Wisler
tt0883398,Alexandra Holden
tt0883398,Kevin Ryder
tt0899106,Jennifer Aniston
tt0899106,Aaron Eckhart
tt0899106,Dan Fogler
tt0903657,John Cusack
tt0903657,Paul Dano
tt0903657,Elizabeth Banks
tt0905315,Chung-Kuei Chang
tt0905315,Chiu Chen
tt0905315,Kao Chen
tt0913951,Rick Yune
tt0913951,Rachel Specter
tt0913951,Lance Henriksen
tt0913951,Bill Moseley
tt0920462,Alexandra Daddario
tt0920462,Takehiro Hira
tt0920462,Carice van Houten
tt0923633,T Bone Burnett
tt0923633,John Carter Cash
tt0923633,Johnny Cash
tt0944947,Emilia Clarke
tt0944947,Peter Dinklage
tt0944947,Kit Harington
tt0947810,Matt Damon
tt0947810,Jason Isaacs
tt0947810,Greg Kinnear
tt0956177,Fabian Bernhardson
tt0956177,Margaretha Byström
tt0956177,Sarah Maya Jackson
tt0972558,Vasiliy Stepanov
tt0972558,Yulia Snigir
tt0972558,Pyotr Fyodorov
tt0974959,John White
tt0974959,Christopher McDonald
tt0974959,Jake Siegel
tt0974959,Lexie Galante
tt0977855,Naomi Watts
tt0977855,Sean Penn
tt0977855,Sonya Davison
tt0985025,William Hope
tt0985025,Leon Herbert
tt0985025,Ronald Pickup
tt0990407,Seth Rogen
tt0990407,Jay Chou
tt0990407,Christoph Waltz
tt0996605,Ludivine Sagnier
tt0996605,Louis Garrel
tt0996605,Clotilde Hesme
tt1000734,Billie Piper
tt1000734,Iddo Goldberg
tt1000734,Cherie Lunghi
tt10023024,Kartik Aaryan
tt10023024,Sara Ali Khan
tt10023024,Randeep Hooda
tt10097312,Yu Zhang
tt10097312,Li Ma
tt10097312,Zhiyong Zhang
tt1013860,Brandon Routh
tt1013860,Aníta Briem
tt1013860,Sam Huntington
tt10160592,Shin Hye-sun
tt10160592,Kim Myung-soo
tt10160592,Lee Dong-geon
tt10166602,Michael Cimino
tt10166602,Rachel Hilson
tt10166602,Anthony Turpel
tt10172266,Taylor Zakhar Perez
tt10172266,Nicholas Galitzine
tt10172266,Uma Thurman
tt10228168,Becky
tt10228168,Bengal
tt10228168,Masayuki Deai
tt10229558,Marin Ireland
tt10229558,Michael Abbott Jr.
tt10229558,Julie Oliver-Touchstone
tt1024942,Anders W. Berthelsen
tt1024942,Rebecka Hemse
tt1024942,Nikolaj Lie Kaas
tt10274284,Moxie Owens
tt10274284,Cody Renee Cameron
tt10274284,Dominique Swain
tt10275370,Omeed Alomary
tt10275370,Halle Berry
tt10275370,Mark Dacascos
tt10276482,Priyanka Chopra Jonas
tt10276482,Sam Heughan
tt10276482,Céline Dion
tt1028528,Kurt Russell
tt1028528,Zoë Bell
tt1028528,Rosario Dawson
tt10293406,Benedict Cumberbatch
tt10293406,Kirsten Dunst
tt10293406,Jesse Plemons
tt10320050,Cem Gelinoglu
tt10320050,Melis Babadag
tt10320050,Ege Kökenli
tt1032815,Hayden Panettiere
tt1032815,Paul Rust
tt1032815,Jack Carpenter
tt10350626,Janhvi Kapoor
tt10350626,Pankaj Tripathi
tt10350626,Angad Bedi
tt10365730,Lydia Look
tt10365730,Alan Trong
tt10365730,Elaine Kao
tt10380768,Anna Kendrick
tt10380768,Zoë Chao
tt10380768,Peter Vack
tt1043651,Tess Panzer
tt1043651,Brandon Laatsch
tt1043651,Tate Ammons
tt1045772,Jim Carrey
tt1045772,Ewan McGregor
tt1045772,Leslie Mann
tt1046163,Kate Hudson
tt1046163,Dane Cook
tt1046163,Jason Biggs
tt10466872,Emily Watson
tt10466872,Olivia Williams
tt10466872,Chloe Lea
tt10472884,Kaito Ishikawa
tt10472884,Asami Seto
tt10472884,Inori Minase
tt10473306,Bryce Gheisar
tt10473306,Malia Baker
tt10473306,Beatrice Kitsos
tt10484164,Vanessa Vanderpuye
tt10484164,Nse Ikpe-Etim
tt10484164,Wale Ojo
tt1050160,Minase Yashiro
tt1050160,Asami
tt1050160,Nobuhiro Nishihara
tt10516352,Alina Boz
tt10516352,Mert Yazicioglu
tt10516352,Kubilay Aka
tt10546058,Makenna Guyler
tt10546058,Mari Beaseley
tt10546058,Thomasin Lockwood
tt10556338,Lily James
tt10556338,Emily Beecham
tt10556338,Dominic West
tt10562574,Atthaphan Phunsawat
tt10562574,Jumpol Adulkittiporn
tt10562574,Nawat Phumphothingam
tt10648342,Chris Hemsworth
tt10648342,Natalie Portman
tt10648342,Christian Bale
tt10653784,Jordan Alexander
tt10653784,Whitney Peak
tt10653784,Tavi Gevinson
tt10692788,Joanna Scanlan
tt10692788,Nathalie Richard
tt10692788,Talid Ariss
tt10731768,Jason Momoa
tt10731768,Isabela Merced
tt10731768,Manuel Garcia-Rulfo
tt10752004,Nina Dobrev
tt10752004,Jimmy O. Yang
tt10752004,Darren Barnet
tt10763618,Kim Go-eun
tt10763618,Jung Hae-in
tt10763618,Park Hae-joon
tt1077368,Johnny Depp
tt1077368,Michelle Pfeiffer
tt1077368,Eva Green
tt10776484,Matthias Brandt
tt10776484,Karoline Schuch
tt10776484,Silke Bodenbender
tt10803634,Zafreen Zairizal
tt10803634,Piqa
tt10803634,Deena Ezral
tt10847306,Bill Burr
tt10888876,Ida Engvoll
tt10888876,Björn Mosten
tt10888876,Gizem Erdogan
tt10919132,Darling Krishna
tt10919132,Milana Nagaraj
tt10919132,Amrutha Iyengar
tt10919420,Lee Jung-jae
tt10919420,Tom Choi
tt10919420,Greg Chun
tt10935560,Ilenia Pastorelli
tt10935560,Asia Argento
tt10935560,Andrea Gherpelli
tt10950320,Bella Thorne
tt10950320,Aaron Eckhart
tt10950320,Ritchie Coster
tt10972026,Jacob Anderton
tt10972026,Danny Darwin
tt10972026,Cornelius Geaney Jr.
tt11032374,Natsuki Hanae
tt11032374,Akari Kitô
tt11032374,Yoshitsugu Matsuoka
tt11058644,Lee Jeong-eun
tt11058644,Dahlia Salem
tt11058644,Yoon Hyun-min
tt11060882,Peter Weller
tt11060882,Ariel Winter
tt11060882,David Selby
tt11060882,Wade Williams
tt1107319,Juno Temple
tt1107319,Jeremy Dozier
tt1107319,Milla Jovovich
tt11079148,Roger Cross
tt11079148,Rosario Dawson
tt11079148,Christopher Gorham
tt11079148,Camilla Luddington
tt1108209,Bhasker Patel
tt1108209,Nina Wadia
tt1108209,Caroline Bernstein
tt11100856,Rachael Leigh Cook
tt11100856,Damon Wayans Jr.
tt11100856,Heather Graham
tt1114265,Wayne Archer
tt1114265,Edowan Bersmea
tt1114265,Louis Coe
tt11143196,Dhananjaya
tt11143196,Nivedhitha
tt11143196,Sapthami Gowda
tt1114677,Miley Cyrus
tt1114677,Emily Osment
tt1114677,Billy Ray Cyrus
tt11198330,Matt Smith
tt11198330,Emma D'Arcy
tt11198330,Olivia Cooke
tt11214590,Lady Gaga
tt11214590,Adam Driver
tt11214590,Al Pacino
tt11252248,Channing Tatum
tt11252248,Ryder McLaughlin
tt11252248,Aavi Haas
tt11269026,Carmen Machi
tt11269026,Quim Gutiérrez
tt11269026,Justina Bustos
tt1128075,Takahiro Nishijima
tt1128075,Hikari Mitsushima
tt1128075,Sakura Andô
tt11281220,Parsa Pirouzfar
tt11281220,Shahab Hosseini
tt11281220,Hande Erçel
tt11286314,Leonardo DiCaprio
tt11286314,Jennifer Lawrence
tt11286314,Meryl Streep
tt1132620,Michael Nyqvist
tt1132620,Noomi Rapace
tt1132620,Ewa Fröling
tt1133985,Ryan Reynolds
tt1133985,Blake Lively
tt1133985,Peter Sarsgaard
tt1135989,Natalie Portman
tt1135989,Gilad Kahana
tt1135989,Amir Tessler
tt11365186,Abigail Cowen
tt11365186,Tom Lewis
tt11365186,Eric Dane
tt1137470,Jessica Biel
tt1137470,Ray Brown
tt1137470,Jenny Gulley
tt11384004,Naga Chaitanya Akkineni
tt11384004,Sai Pallavi
tt11384004,Rajeev Kanakala
tt11384200,Carson Daly
tt11384200,Tiger Woods
tt11384200,Paul Azinger
tt11384690,Ayanda Seoka
tt11384690,Shilubana N Fumani
tt11384690,Khalalelo Makhanda
tt11388406,Alison Brie
tt11388406,Molly Shannon
tt11388406,Goldenite
tt11417508,Mandy Brown
tt11417508,Catherine Lerza
tt11417508,Ronny Marasigan
tt11423214,Marcus Jean Pirae
tt11423214,Lacey Cofran
tt11423214,Paula Marcenaro Solinger
tt1152282,Sinjai Plengpanich
tt1152282,Songsit Roongnophakunsri
tt1152282,Pimpan Buranapim
tt11546816,Tawan Vihokratana
tt11546816,Thitipoom Techaapaikhun
tt11546816,Suphakorn Sriphothong
tt1155056,Paul Rudd
tt1155056,Jason Segel
tt1155056,Rashida Jones
tt1160419,Timothée Chalamet
tt1160419,Rebecca Ferguson
tt1160419,Zendaya
tt1161624,Peter Giles
tt1161624,Ryan Jones
tt1161624,Luke McOmie
tt11704040,Nick Lachey
tt11704040,Vanessa Lachey
tt11704040,Micah Lussier
tt1172994,Jocelin Donahue
tt1172994,Tom Noonan
tt1172994,Mary Woronov
tt11768948,Muneer Lyati
tt1179034,John Travolta
tt1179034,Jonathan Rhys Meyers
tt1179034,Kasia Smutniak
tt11823076,Joe Exotic
tt11823076,Carole Baskin
tt11823076,Jeff Lowe
tt1182350,Anthony Hopkins
tt1182350,Naomi Watts
tt1182350,Josh Brolin
tt11835714,Phoebe Sparrow
tt11835714,Daisy Aitkens
tt11835714,Simon Dwyer-Thomas
tt11859012,Lexi Johnson
tt11859012,Chukwudi Iwuji
tt11859012,Kaye Tuckerman
tt11904786,Brooke Satchwell
tt11904786,Michael Theo
tt11904786,Mark Radburn
tt11912196,Arshad Warsi
tt11912196,Barun Sobti
tt11912196,Anupriya Goenka
tt1194271,Steven Seagal
tt1194271,Tanoai Reed
tt1194271,Jenna Harrison
tt1194271,Danny Midwinter
tt1194664,Yui Aragaki
tt1194664,Haruma Miura
tt1194664,Yûko Asano
tt12054414,Joe Exotic
tt12054414,John Reinke
tt12054414,Misty Romano
tt12057168,Yana Yenzhayeva
tt12057168,Konstantin Beloshapka
tt12057168,Ilya Yermolov
tt12120130,Joel McHale
tt12120130,Erik Cowie
tt12120130,John Reinke
tt12120130,Jeff Lowe
tt1213644,Carmen Electra
tt1213644,Vanessa Lachey
tt1213644,Nicole Parker
tt1216487,Noomi Rapace
tt1216487,Michael Nyqvist
tt1216487,Lena Endre
tt1218336,Brian Bloom
tt1218336,Dave Wittenberg
tt1218336,Gideon Emery
tt1218336,Maury Sterling
tt1220619,David Attenborough
tt1223933,Herbert Knaup
tt1223933,Ben Becker
tt1223933,Susanne Lothar
tt12252958,Carole Baskin
tt12252958,Joe Exotic
tt12252958,Harvey Levin
tt1226236,Tilda Swinton
tt1226236,Flavio Parenti
tt1226236,Edoardo Gabbriellini
tt1226240,Philip Seymour Hoffman
tt1226240,Christopher Walken
tt1226240,Catherine Keener
tt12263866,Chao Deng
tt12263866,Jinshan Liu
tt12263866,Shaofeng Feng
tt12299432,Lusi Zhao
tt12299432,Yuxi Ding
tt12299432,Zixin Zhou
tt12312854,Blaine Morris
tt12312854,Mena Suvari
tt12312854,Leonard Amoia
tt1231460,Jimmy Fallon
tt1231460,The Roots
tt1231460,Steve Higgins
tt1231593,Max Ryan
tt1231593,Maria Conchita Alonso
tt1231593,Chris Mulkey
tt1232207,Michael Moore
tt1232207,William Black
tt1232207,Jimmy Carter
tt12338128,Patrick Bristow
tt12338128,William Butler
tt12338128,Cody Renee Cameron
tt12338128,Russell Coker
tt1234719,Chris Hemsworth
tt1234719,Isabel Lucas
tt1234719,Josh Hutcherson
tt12439466,Hande Erçel
tt12439466,Kerem Bürsin
tt12439466,Evrim Dogan
tt1245091,Jim Beaver
tt1245091,Jennifer Blaire
tt1245091,Larry Blamire
tt1245526,Bruce Willis
tt1245526,Helen Mirren
tt1245526,Morgan Freeman
tt1250757,Wahid Chan
tt1250757,Bambang Hermanto
tt1250757,R.D. Ismail
tt12536776,Tenoch Huerta
tt12536776,Eréndira Ibarra
tt12536776,Dale Carley
tt12540080,Maite Perroni
tt12540080,Erik Hayser
tt12540080,Jorge Poza
tt12588092,Jo Keita
tt12588092,Kiki Sugino
tt1260567,Jeffrey Combs
tt1260567,Meghan Ory
tt1260567,Diane Salinger
tt12688688,Tiger Woods
tt12688688,Pete McDaniel
tt12688688,Steve Williams
tt1270761,Katie Holmes
tt1270761,Guy Pearce
tt1270761,Bailee Madison
tt1275863,Saif Ali Khan
tt1275863,Deepika Padukone
tt1275863,Rishi Kapoor
tt12851366,Nicolas Buray
tt12851366,Andy Casagrande
tt12851366,Kori Garza
tt12851512,Elle Fanning
tt12851512,Chloë Sevigny
tt12851512,Cara Buono
tt1286677,Beren Saat
tt1286677,Kivanç Tatlitug
tt1286677,Nebahat Çehre
tt12879624,Kaya Kiyohara
tt12879624,Taishi Nakagawa
tt12879624,Matsutera Chiemi
tt1292042,N/A
tt12929990,Christina Milian
tt12929990,Tymberlee Hill
tt12929990,Kayne Lee Harrison
tt13155222,Sumeet Vyas
tt13155222,Nidhi Singh
tt13155222,Jatin Sarna
tt1318056,Debbie Rochon
tt1318056,Michael Segál
tt1318056,Marysia Kay
tt1319636,Dylan McDermott
tt1319636,Omari Hardwick
tt1319636,Logan Marshall-Green
tt1320304,Kiele Sanchez
tt1320304,Rhys Coiro
tt1320304,Diora Baird
tt1320304,Harold Perrineau
tt13269536,Judd Nelson
tt13269536,Stefanie Scott
tt13269536,Joely Fisher
tt1330018,Jason Sudeikis
tt1330018,Maisie Williams
tt1330018,Jessica Biel
tt13315324,Kristen Bell
tt13315324,Tom Riley
tt13315324,Mary Holland
tt13318942,Rory Alexander
tt13318942,Vanessa Borgli
tt13318942,Anna Bullard
tt1333125,Emma Stone
tt1333125,Stephen Merchant
tt1333125,Richard Gere
tt13364468,Bobby Deol
tt13364468,Vikrant Massey
tt13364468,Sanya Malhotra
tt13405778,Ty Simpkins
tt13405778,Patrick Wilson
tt13405778,Rose Byrne
tt13430858,Mim Shaikh
tt13430858,Iman Boujelouah
tt13430858,Lily James
tt1343097,Michael Nyqvist
tt1343097,Noomi Rapace
tt1343097,Lena Endre
tt13444014,Haley Lu Richardson
tt13444014,Ben Hardy
tt13444014,Rob Delaney
tt1345836,Christian Bale
tt1345836,Tom Hardy
tt1345836,Anne Hathaway
tt1369845,Selena Gomez
tt1369845,David Henrie
tt1369845,Jake T. Austin
tt13729062,Rahul Dev
tt13729062,Punit Pathak
tt13729062,Ishaan Anuradha Khanna
tt1375598,Valmik Thapar
tt1379161,Tod Boulware
tt1379161,Drew Glick
tt1379161,Joe Munafo
tt1379161,Brendan Potter
tt1380224,Raúl Magaña
tt1380224,Karina Mora
tt1380224,Alejandra Ávalos
tt1381055,Victor Young
tt1381055,Jitterbugs Six
tt13819562,Shan Robitzky
tt13819562,Annlis Krischke
tt13819562,Murali Perumal
tt1382246,Karen Black
tt1382246,Annett Culp
tt1382246,Richard Hillman
tt13846542,Adrianna Chlebicka
tt13846542,Mateusz Banasiuk
tt13846542,Agnieszka Zulewska
tt1385543,Luke Kleintank
tt1385543,Alex McKenna
tt1385543,Anthony Rey Perez
tt13885280,Mark McGrath
tt13885280,Adrien Sebro
tt13885280,Jason Marik
tt1391579,Tonia Renee Hammerich
tt1391579,Bret Kennedy
tt1391579,Ozzie Devrish
tt13938338,Linda Hayden
tt13938338,Ian Ogilvy
tt13938338,Kevin Kölsch
tt1399103,Shia LaBeouf
tt1399103,Rosie Huntington-Whiteley
tt1399103,Tyrese Gibson
tt1399952,Vasiliy Stepanov
tt1399952,Yulia Snigir
tt1399952,Pyotr Fyodorov
tt14014068,Sam Claflin
tt14014068,Remmie Milner
tt14014068,Antonia Clarke
tt1403214,Margarete Tiesel
tt1403214,Peter Kazungu
tt1403214,Inge Maux
tt1407050,Eugene Levy
tt1407050,Bug Hall
tt1407050,Kevin M. Horton
tt1407050,Brandon Hardesty
tt14107778,John Thomson
tt14107778,Chris Bylsma
tt14107778,Meagan Flynn
tt1414111,Dennis Hill
tt14173880,Kyle Behm
tt14173880,Roland Behm
tt14173880,Lydia X.Z. Brown
tt14184932,Ross Kemp
tt1422020,Adam Butcher
tt1422020,Shane Kippel
tt1422020,Matthew Morales
tt1422800,Josh Stewart
tt1422800,Jamie-Lynn Sigler
tt1422800,Chris Browning
tt1429449,Anna Silk
tt1429449,Kris Holden-Ried
tt1429449,Zoie Palmer
tt14298328,Lili Reinhart
tt14298328,Danny Ramirez
tt14298328,Aisha Dee
tt1430077,Bree Elrod
tt1430077,Dayna Cousins
tt1430077,Michael Reed
tt14344690,Tarell Kota Bullock
tt14344690,Smitty Chai
tt14344690,Brandon H. Lee
tt14365434,Shamol Mawla
tt14365434,Farhana Hamid
tt14365434,Ahona Rahman
tt1436559,Mandy Moore
tt1436559,Kellan Lutz
tt1436559,James Brolin
tt14464962,Lucas Sarquiz
tt14464962,Jimena Frontera
tt14464962,Chucho Fernández
tt14486678,Demet Özdemir
tt14486678,Sükrü Özyildiz
tt14486678,Atakan Çelik
tt14535168,Ian Baker
tt14535168,Ken Brown
tt14535168,Simon Dyson
tt14586350,Elizabeth Olsen
tt14586350,Jesse Plemons
tt14586350,Lily Rabe
tt1459012,Ludivine Sagnier
tt1459012,Kristin Scott Thomas
tt1459012,Patrick Mille
tt1462041,Daniel Craig
tt1462041,Rachel Weisz
tt1462041,Naomi Watts
tt1463208,Helena Siegmund-Schultze
tt1463208,Bruno Schubert
tt1463208,Justus Kammerer
tt14703382,Bayoumi Fouad
tt14703382,Mohamed Emam
tt14703382,Hana El Zahed
tt1471156,James Frain
tt1471156,Clemency Burton-Hill
tt1471156,Tom Basden
tt14852420,Manoj Pramanik
tt14852420,Nazifa Tushi
tt14852420,Tama Mirza
tt1485698,Arkadiusz Jakubik
tt1485698,Marian Dziedziel
tt1485698,Kinga Preis
tt1486185,Amanda Seyfried
tt1486185,Lukas Haas
tt1486185,Gary Oldman
tt1487118,Felicity Jones
tt1487118,Ed Westwick
tt1487118,Bill Nighy
tt1490017,Chris Pratt
tt1490017,Will Ferrell
tt1490017,Elizabeth Banks
tt14948432,Dwayne Johnson
tt14948432,Chris Evans
tt14948432,Lucy Liu
tt14966898,David Dastmalchian
tt14966898,Laura Gordon
tt14966898,Ian Bliss
tt15004156,Maureen Callahan
tt15004156,Carson Daly
tt15004156,Jonathan Davis
tt15017118,Zahn McClarnon
tt15017118,Kiowa Gordon
tt15017118,Jessica Matten
tt1507563,Halle Berry
tt1507563,Olivier Martinez
tt1507563,Ralph Brown
tt15109082,Carrie Crowley
tt15109082,Andrew Bennett
tt15109082,Catherine Clinch
tt15132930,Àlex Maruny
tt1513713,Mert Firat
tt1513713,Saadet Aksoy
tt1513713,Lale Mansur
tt15140592,Park Min-young
tt15140592,Song Kang
tt15140592,Yoon Park
tt1515091,Robert Downey Jr.
tt1515091,Jude Law
tt1515091,Jared Harris
tt15176202,N/A
tt15185242,Bhagavan Antle
tt15185242,Radha Hirsch
tt15185242,Roton Raja
tt15239678,Timothée Chalamet
tt15239678,Zendaya
tt15239678,Rebecca Ferguson
tt15289042,Hikari Mitsushima
tt15289042,Rikako Yagi
tt15289042,Takeru Satoh
tt1532577,Rachel Blais
tt1532577,James Beaufort
tt1532577,Pierre-Olivier Beaudoin
tt15331462,Sean Young
tt15331462,Emily Killian
tt15331462,Anna Telfer
tt15340724,Kim Yoo-jung
tt15340724,Byeon Woo-seok
tt15340724,Park Jung-woo
tt1541874,Gunner Wright
tt1541874,Corey Richardson
tt1541874,Bradley Horne
tt15424742,Gustav Lindh
tt15424742,Aliette Opheim
tt15424742,Clara Christiansson Drake
tt15463032,Kat Graham
tt15463032,Tom Hopper
tt15463032,Raymond Ablack
tt15464988,N/A
tt15497220,Angel Alvarez
tt15497220,Gayle Amey
tt15497220,Noah Artis
tt15521050,Susanna Skaggs
tt15521050,Tobia De Angelis
tt15521050,Owen McDonnell
tt15553956,Seohyun
tt15553956,Lee Jun-young
tt15553956,Kim Bo-ra
tt15560132,Georgina Campbell
tt15560132,Nick Blood
tt15560132,Wai Ching Ho
tt15567174,Carla Gugino
tt15567174,Bruce Greenwood
tt15567174,Mary McDonnell
tt1568346,Daniel Craig
tt1568346,Rooney Mara
tt1568346,Christopher Plummer
tt1569923,Bruce Greenwood
tt1569923,Jensen Ackles
tt1569923,John DiMaggio
tt1569923,Neil Patrick Harris
tt1570728,Steve Carell
tt1570728,Ryan Gosling
tt1570728,Julianne Moore
tt15787870,Milena Smit
tt15787870,Jose Coronado
tt15787870,Aixa Villagrán
tt1582507,Jennifer Lawrence
tt1582507,Elisabeth Shue
tt1582507,Max Thieriot
tt1584943,Keith Reay
tt1584943,Steve West
tt1584943,Alana Dietze
tt1587828,Deborah Secco
tt1587828,Cássio Gabus Mendes
tt1587828,Drica Moraes
tt1590763,Dave Kuhr
tt1590763,Misty Lee
tt1590763,Letta T. Brown
tt1596557,Christian Convery
tt1596557,Sam Trammell
tt1596557,Nicholas Ryan Hernandez
tt1599348,Denzel Washington
tt1599348,Ryan Reynolds
tt1599348,Robert Patrick
tt1603915,Lo Lieh
tt1603915,Chin Hu
tt1603915,Hsieh Wang
tt16085592,Ava Michelle
tt16085592,Griffin Gluck
tt16085592,Sabrina Carpenter
tt1608777,Nushrratt Bharuccha
tt1608777,Anshuman Jha
tt1608777,Neha Chauhan
tt1610447,Tiger Woods
tt1610447,Scott Van Pelt
tt1610447,Kelly Tilghman
tt1610447,Hank Haney
tt1616984,Tod Boulware
tt1616984,Chen Drachman
tt1616984,Drew Glick
tt1616984,Joe Munafo
tt1617145,Johanna Gustavsson
tt1617145,Kristian Holter
tt1617145,Ida Elise Broch
tt1618447,Lola Créton
tt1618447,Sebastian Urzendowsky
tt1618447,Magne-Håvard Brekke
tt16227014,Miranda July
tt16227014,Katia Krafft
tt16227014,Maurice Krafft
tt1625724,Tom Vaughan-Lawlor
tt1625724,Killian Scott
tt1625724,Aoibhinn McGinnity
tt16259786,Jimmy Carr
tt16307970,Bhagavan Antle
tt16307970,Radha Hirsch
tt16307970,Betsy Rogers
tt1638002,Lily Collins
tt1638002,Sam Claflin
tt1638002,Christian Cooke
tt1638328,Louise Bourgoin
tt1638328,Gaspard Proust
tt1638328,JoeyStarr
tt16427398,Madison Walsh
tt16427398,Hannah Emily Anderson
tt16427398,Helen Belay
tt1646212,Ted Levine
tt1646212,Spencer Treat Clark
tt1646212,Nick Eversman
tt1646974,Sara Forestier
tt1646974,Jacques Gamblin
tt1646974,Zinedine Soualem
tt1646982,Fooi Mun Lai
tt1646982,Pearlly Chua
tt1646982,Susan Lee
tt1648190,Idris Elba
tt1648190,Matthew McConaughey
tt1648190,Tom Taylor
tt1649780,Jane Fonda
tt1649780,Catherine Keener
tt1649780,Elizabeth Olsen
tt1668195,N/A
tt1677053,Steve Helling
tt1677053,Jacques Peretti
tt1677053,Tiger Woods
tt1684910,Jason Biggs
tt1684910,Sarah Chalke
tt1684910,Judy Greer
tt1690455,Jordan Gelber
tt1690455,Selma Blair
tt1690455,Christopher Walken
tt1698648,Kristen Wiig
tt1698648,Annette Bening
tt1698648,Matt Dillon
tt1705120,Hristo Shopov
tt1705120,Zachary Baharov
tt1705120,Lilia Marvilya
tt1712187,Monica Bellucci
tt1712187,Robert De Niro
tt1712187,Riccardo Scamarcio
tt1719068,Melanie Griffith
tt1719068,Michael Cudlitz
tt1719068,Pruitt Taylor Vince
tt1726252,Jürgen Prochnow
tt1726252,Moritz Bleibtreu
tt1726252,Nora Waldstätten
tt1730549,Steve Backshall
tt1730549,George McGavin
tt1730549,Justine Evans
tt1731141,Harrison Ford
tt1731141,Asa Butterfield
tt1731141,Hailee Steinfeld
tt1731947,Yû Aoi
tt1731947,Jun'ichi Okada
tt1731947,Sadao Abe
tt1746246,Svetlana Ivanova
tt1746246,Ivan Zhidkov
tt1746246,Elena Panova
tt1748179,Sigourney Weaver
tt1748179,Robert De Niro
tt1748179,Cillian Murphy
tt1748260,Willa Holland
tt1748260,Amy Jo Johnson
tt1748260,Gwen Goldsmith
tt17639060,Nianci Shen
tt17639060,Joseph
tt17639060,Hayley Nelson
tt17736234,Kishô Taniyama
tt17736234,Tomori Kusunoki
tt17736234,Erin Yvette
tt1779471,Siegfried Rauch
tt1786368,Birce Akalay
tt1786368,Murat Ünalmis
tt1786368,Kanbolat Görkem Arslan
tt1790885,Jessica Chastain
tt1790885,Joel Edgerton
tt1790885,Chris Pratt
tt1801116,N/A
tt1801117,N/A
tt1801118,N/A
tt1801119,Randi Krasny
tt1801119,Chandra Leigh
tt1801119,Jessica Lonardo
tt1801121,N/A
tt1807950,Mehmet Günsür
tt1807950,Belçim Bilgin
tt1807950,Altan Erkekli
tt1810710,Jason Pace
tt1810710,Sean Kanan
tt1810710,Betsy Russell
tt1817676,Eva Mendes
tt1817676,Cierra Ramirez
tt1817676,Patricia Arquette
tt1821694,Bruce Willis
tt1821694,Helen Mirren
tt1821694,John Malkovich
tt18247152,Jaideep Singh
tt18247152,Dilpreet Singh
tt18247152,Fatima Sana Shaikh
tt1826940,Zooey Deschanel
tt1826940,Jake Johnson
tt1826940,Max Greenfield
tt18332450,Evgenia Brendes
tt18332450,Giada Castioni
tt18332450,Mickaël Pelissier
tt18376122,Pamela Anderson
tt18376122,Fran Drescher
tt18376122,Alexandra Paul
tt1838603,Michael Caine
tt1838603,Michelle Goddet
tt1838603,Jane Alexander
tt1839642,Annette Bening
tt1839642,Ed Harris
tt1839642,Robin Williams
tt18411490,Salman Khan
tt18411490,Katrina Kaif
tt18411490,Emraan Hashmi
tt1843287,Rin Takanashi
tt1843287,Tadashi Okuno
tt1843287,Ryô Kase
tt1853620,Saul Holiff
tt1853620,Johnny Cash
tt1853620,Jonathan Holiff
tt1854236,Pierce Brosnan
tt1854236,Trine Dyrholm
tt1854236,Molly Blixt Egelind
tt1854254,Yukari Ôshima
tt1854254,Cynthia Khan
tt1854254,Chung-Kuei Chang
tt1856010,Kevin Spacey
tt1856010,Michel Gill
tt1856010,Robin Wright
tt1859438,Pimchanok Luevisadpaibul
tt1859438,Mario Maurer
tt1859438,Tangi Namonto
tt1859650,Woody Allen
tt1859650,Penélope Cruz
tt1859650,Jesse Eisenberg
tt1863201,Brett Beoubay
tt1863201,Jamie Bernstein
tt1863201,Ashley Braud
tt1869347,Max Irons
tt1869347,Stefanie Martini
tt1869347,Glenn Close
tt1872877,Adam Vernier
tt1901024,Jim Carrey
tt1901024,Marton Csokas
tt1901024,Charlotte Gainsbourg
tt1906323,Nicole Trychon
tt1906323,Drew Glick
tt1906323,Brendan Potter
tt1906323,Joe Munafo
tt1918651,Drew Glick
tt1918651,Susan Heiss
tt1918651,Joe Munafo
tt1918651,Ashleigh Taylor
tt1920913,Manisha Koirala
tt1920913,Nayanthara
tt1920913,Prakash Raj
tt19231492,Joel Edgerton
tt19231492,Jennifer Connelly
tt19231492,Alice Braga
tt1928340,James D'Arcy
tt1928340,Sophie Lowe
tt1928340,Daryl Sabara
tt1933311,John Varty
tt1935156,Alejandro Jodorowsky
tt1935156,Michel Seydoux
tt1935156,H.R. Giger
tt1935302,Johnny Harris
tt1935302,Sam Keeley
tt1935302,Joe Dempsie
tt1941466,Atsushi Abe
tt1941466,Masumi Asano
tt1941466,Keiji Fujiwara
tt1942884,Jonathan Blow
tt1942884,Brandon Boyer
tt1942884,Renaud Bédard
tt1951216,Steve Coogan
tt1951216,Matt Lucas
tt1951216,Anna Friel
tt19637052,Anna Baryshnikov
tt19637052,Kristen Stewart
tt19637052,Dave Franco
tt1964624,Fabrice Luchini
tt1964624,Vincent Schmitt
tt1964624,Ernst Umhauer
tt1974198,Tod Boulware
tt1974198,Patrícia Faolli
tt1974198,Drew Glick
tt1974198,Jennifer Lauren
tt19760262,Warren Pereira
tt19760262,Valmik Thapar
tt19760262,Yogesh Sahu
tt1976989,Liam Hemsworth
tt1976989,Teresa Palmer
tt1976989,Aimee Teegarden
tt1981115,Chris Hemsworth
tt1981115,Natalie Portman
tt1981115,Tom Hiddleston
tt1985949,Jason Sudeikis
tt1985949,Josh Gad
tt1985949,Danny McBride
tt1998163,Tod Boulware
tt1998163,Chen Drachman
tt1998163,Patrícia Faolli
tt1998163,Drew Glick
tt2011366,David Hewlett
tt2011366,Jianqiang Liu
tt2011366,Jun Ma
tt20115096,Rachael Leigh Cook
tt20115096,Scott Ly
tt20115096,Ben Feldman
tt2014554,John Noble
tt2014554,Jim Ottaviani
tt2014554,Sean Montgomery
tt2015348,Adam Sopp
tt2015348,Andy Gathergood
tt2015348,Blake Ritson
tt2015348,Charlie Cameron
tt2016894,Salman Khan
tt2016894,Katrina Kaif
tt2016894,Girish Karnad
tt20198716,Aitana
tt20198716,Fernando Guallar
tt20198716,Natalia Rodríguez
tt2023453,Zachary Gordon
tt2023453,Robert Capron
tt2023453,Devon Bostick
tt2024358,Drew Glick
tt2024358,Mitchell L. Mack
tt2024396,Luis Dubó
tt2024396,Sergio Hernández
tt2024396,Viviana Herrera
tt20452218,Samuel Le Bihan
tt20452218,Amir El Kacem
tt20452218,Jean-Hugues Anglade
tt2061527,Hiroaki Hirata
tt2061527,Masakazu Morita
tt2061527,Wally Wingert
tt2079466,Tod Boulware
tt2079466,Chen Drachman
tt2079466,Patrícia Faolli
tt2079466,Drew Glick
tt2082482,Robert Airdo
tt2082482,Anthony J. Baker
tt2082482,Allison Latta
tt2083379,Andy Garcia
tt2083379,Kim Coates
tt2083379,Deborah Kara Unger
tt2084970,Benedict Cumberbatch
tt2084970,Keira Knightley
tt2084970,Matthew Goode
tt20859464,Tatum Matthews
tt20859464,Lance Henriksen
tt20859464,Sinda Nichols
tt2088003,Samuel L. Jackson
tt2088003,Onni Tommila
tt2088003,Ray Stevenson
tt2091256,Kevin Hart
tt2091256,Thomas Middleditch
tt2091256,Ed Helms
tt2098632,Daniel Gidlow
tt2100573,Chris Cleveland
tt2100573,Matthew Alan
tt2100573,Mark Hayter
tt21059520,Karen Parsley
tt21059520,Charles Engles
tt21059520,Merle Bean
tt2119543,Jack Black
tt2119543,Cate Blanchett
tt2119543,Owen Vaccaro
tt2121839,Eiji Wentz
tt2121839,Natsuna
tt2121839,Shô Aikawa
tt2124787,Abigail Breslin
tt2124787,Wes Bentley
tt2124787,Logan Huffman
tt21249134,Dion Wiyoko
tt21249134,Sheila Dara Aisha
tt21249134,Reza Rahadian
tt21257212,Jacques Gamblin
tt21257212,André Dussollier
tt21257212,Christian Hecq
tt2130242,Riteish Deshmukh
tt2130242,Genelia Deshmukh
tt2130242,Om Puri
tt2132485,Sienna Miller
tt2132485,Toby Jones
tt2132485,Imelda Staunton
tt2141751,Emily Browning
tt2141751,Olly Alexander
tt2141751,Hannah Murray
tt2153778,Virus D.
tt2153778,Drew Glick
tt2158686,Marsha Wattanapanich
tt2158686,Peter Knight
tt2158686,Paramej Noiam
tt2166834,Peter Weller
tt2166834,Ariel Winter
tt2166834,Michael Emerson
tt2166834,David Selby
tt21688772,N/A
tt2179087,Mischa Barton
tt2179087,Ryan Eggold
tt2179087,Leah Pipes
tt2183014,Haley Lu Richardson
tt2183014,Ben Hardy
tt2183014,Rob Delaney
tt2185022,Gloria Winship Ayon
tt2185022,Shane Ayon
tt2185022,Jana Camp
tt2186995,Tod Boulware
tt2186995,Chen Drachman
tt2186995,Drew Glick
tt2192016,Cliff Curtis
tt2192016,James Rolleston
tt2192016,Kirk Torrance
tt2205697,Greg Kinnear
tt2205697,Jennifer Connelly
tt2205697,Lily Collins
tt22086334,Ayushmann Khurrana
tt22086334,Ananya Panday
tt22086334,Paresh Rawal
tt2210547,Dennis Kamitz
tt2210547,Philipp Kamitz
tt2210547,Marcel Sänger
tt2220414,N/A
tt2222042,Dylan O'Brien
tt2222042,Jessica Henwick
tt2222042,Michael Rooker
tt2222164,Simone Santini
tt2222164,Francesco Foti
tt2222164,Lidia Vitale
tt2226321,Whitney Able
tt2226321,Alexandra Breckenridge
tt2226321,Steel Burkhardt
tt22297712,Inori Minase
tt22297712,Kôki Uchiyama
tt22297712,Abby Trott
tt2234261,Pierce Brosnan
tt2234261,Emma Thompson
tt2234261,Timothy Spall
tt2243537,Marlon Wayans
tt2243537,Essence Atkins
tt2243537,Marlene Forte
tt22488728,Pradeep Ranganathan
tt22488728,Ivana
tt22488728,Yogi Babu
tt2251281,Kevin Durand
tt2251281,Lukas Haas
tt2251281,Bianca Kajlich
tt2251519,Jan Hartl
tt2251519,Daniel Drewes
tt2251519,Tereza Bocková
tt2257218,Hunter Davis
tt2257218,Mo Beatty
tt2257218,Robert Dunne
tt2267998,Ben Affleck
tt2267998,Rosamund Pike
tt2267998,Neil Patrick Harris
tt22727518,Burak Deniz
tt22727518,Hande Erçel
tt22727518,Cem Davran
tt2275743,Keira Knightley
tt2275743,Helen Mirren
tt2275743,Luke Wilson
tt2277834,Cameron Crosby
tt2277834,Rob Willey
tt2277834,Rob Abbate
tt2279339,Steve Martin
tt2279339,Diane Keaton
tt2279339,John Goodman
tt2279373,Tom Kenny
tt2279373,Antonio Banderas
tt2279373,Bill Fagerbakke
tt2287214,Luke Roberts
tt2287214,Kelly Wenham
tt2287214,Ben Robson
tt2292621,Michael Ian Black
tt2292621,June Diane Raphael
tt2292621,Ryan Hansen
tt2298384,Ludivine Sagnier
tt2298384,Nicolas Bedos
tt2298384,Jonathan Cohen
tt2309312,Ai Kayano
tt2309312,Takahiro Sakurai
tt2309312,David Matranga
tt2311802,Rina Zelyonaya
tt2311802,Klara Rumyanova
tt2311802,Tamara Dmitrieva
tt2313197,Peter Weller
tt2313197,Ariel Winter
tt2313197,David Selby
tt2313197,Wade Williams
tt2316369,Chen Drachman
tt2316369,Genevieve Thompson
tt2316369,Tod Boulware
tt2316369,Drew Glick
tt2318092,Gabriella Wilde
tt2318092,Alex Pettyfer
tt2318092,Bruce Greenwood
tt2318405,Aleksey Vertkov
tt2318405,Vitaliy Kishchenko
tt2318405,Valeriy Grishko
tt2318625,Nicholas Jacob
tt2318625,Michael Aloni
tt2318625,Jameel Khoury
tt2321542,Jun Fukuyama
tt2321542,Maaya Uchida
tt2321542,Chinatsu Akasaki
tt2326554,Sheila Vand
tt2326554,Arash Marandi
tt2326554,Marshall Manesh
tt2328549,Missy Keating
tt2328549,Marcella Plunkett
tt2328549,Pádraic Delaney
tt2334879,Channing Tatum
tt2334879,Jamie Foxx
tt2334879,Maggie Gyllenhaal
tt2354505,Dominic Frisby
tt2354505,Athara
tt2354505,Machli
tt2372251,AnnaSophia Robb
tt2372251,Uma Thurman
tt2372251,Isabelle Fuhrman
tt2386826,Raini Rodriguez
tt2386826,Andre Robinson
tt2386826,Scott Adsit
tt2387433,Keri Russell
tt2387433,Jake Brennan
tt2387433,Josh Hamilton
tt2392680,Dominique Berry
tt2392680,Courtney Boxwell
tt2392680,Curtis Cassell
tt2395247,Eric Mabius
tt2395247,Brooke D'Orsay
tt2395247,Jody Thompson
tt2397461,Darby Camp
tt2397461,Jack Whitehall
tt2397461,Izaac Wang
tt24018360,José González
tt2402101,Charlize Theron
tt2402101,Nicholas Hoult
tt2402101,Christina Hendricks
tt2411008,Tom Pelphrey
tt2411008,William Hill
tt2411008,Michael Medeiros
tt2443022,Ron Eagle D'Andre II
tt2443022,Adam Haley
tt2443022,Sage Howard
tt2446612,Sean Flood
tt2446612,Esther Woods
tt2446612,Nic Furlong
tt2446612,Jason O'Reilly
tt2452042,Noah Schnapp
tt2452042,Bill Melendez
tt2452042,Hadley Belle Miller
tt2494376,Matt Ryan
tt2494376,Camilla Luddington
tt2494376,Jason O'Mara
tt2494376,JB Blanc
tt2507174,Hiroaki Hirata
tt2507174,Masakazu Morita
tt2507174,Minako Kotobuki
tt2512582,Caitlyn Maria Diaz
tt2512582,Camilena Anna Diaz
tt2512582,Cayden Marcel Diaz
tt2523832,Lexi Ainsworth
tt2523832,Hunter King
tt2523832,Jimmy Bennett
tt2543796,Rowan Blanchard
tt2543796,Sabrina Carpenter
tt2543796,Ben Savage
tt2577172,Ali Cobrin
tt2577172,Adam DiMarco
tt2577172,George Carroll
tt2578426,Michael Flatley
tt2580046,Cristina Valenzuela
tt2580046,Bryce Papenbrook
tt2580046,Max Mittelman
tt2582496,Thomas Mann
tt2582496,RJ Cyler
tt2582496,Olivia Cooke
tt25899504,Liberace
tt25899504,Mildred Hughes
tt25899504,Cecilia Nielson
tt26229508,Kim Ok-bin
tt26229508,Teo Yoo
tt26229508,Kim Ji-hoon
tt26258200,Ren Hanami
tt26258200,Elaine Wang
tt26258200,Lorna Duyn
tt2635474,Lio
tt2635474,Florence Thomassin
tt2635474,Camille Japy
tt2639344,John Lithgow
tt2639344,Alfred Molina
tt2639344,Marisa Tomei
tt26413708,Catalina Moga
tt26413708,Paul Ipate
tt26413708,Alex Velea
tt26426076,Emily Carey
tt26426076,Emmanuel Imani
tt26426076,Liam Woodrum
tt26453369,Marc Maron
tt2650978,Sam Riley
tt2650978,Tobias Moretti
tt2650978,Paula Beer
tt2652118,Donnie Yen
tt2652118,Michelle Yeoh
tt2652118,Harry Shum Jr.
tt26596953,Leszek Lichota
tt26596953,Maria Kowalska
tt26596953,Ignacy Liss
tt2664880,Ellen Dorrit Petersen
tt2664880,Anders Baasmo
tt2664880,Tomas Norström
tt2704998,Jason Bateman
tt2704998,Rachel McAdams
tt2704998,Kyle Chandler
tt27051027,Vasishta N. Simha
tt27051027,Stefy Patel
tt27051027,Achyuth Kumar
tt27054481,Jim Gaffigan
tt2709022,Bérangère Mc Neese
tt2709022,Tess Bryant
tt2709022,Joshua Rubin
tt2734628,N/A
tt2737206,N/A
tt27502265,Xilin Wang
tt2756032,Mark Duplass
tt2756032,Elisabeth Moss
tt2756032,Ted Danson
tt27655393,Rohit Behal
tt27655393,Aparna Janardanan
tt27655393,Dandela Yelleshwara Rao
tt27930156,Rakul Preet Singh
tt27930156,Pavail Gulati
tt27930156,Akshay Oberoi
tt28066777,Jacob Tremblay
tt28066777,Paul Walter Hauser
tt28066777,Colin Hanks
tt28073548,Delta Goodrem
tt28073548,Joshua Sasse
tt28073548,Roy Billing
tt28076458,Lusi Zhao
tt28076458,Zheyuan Chen
tt28076458,Zhang Jiong Min
tt28131729,Linghe Zhang
tt28131729,Uvin Wang
tt28131729,Qing Ye
tt28182736,Lucy Hale
tt28182736,Grant Gustin
tt28182736,Nore Davis
tt28197236,Benita Alexander-Noel
tt28197236,Karl-Henrik Grinnemo
tt28197236,Oscar Simonson
tt28228754,Kerem Bürsin
tt28228754,Hafsanur Sancaktutan
tt28228754,Hatice Aslan
tt2866824,Mark Strano
tt2866824,Frankie Valenti
tt2866824,Gregory Marcel
tt2872724,Julia Stiles
tt2872724,Scott Speedman
tt2872724,Stephen Rea
tt2872750,Justin Fletcher
tt2872750,John Sparkes
tt2872750,Omid Djalili
tt2873282,Jennifer Lawrence
tt2873282,Joel Edgerton
tt2873282,Matthias Schoenaerts
tt2910508,Keir Gilchrist
tt2910508,Stella Maeve
tt2910508,Maestro Harrell
tt2911674,Kaya Scodelario
tt2911674,Ed Skrein
tt2911674,Dougray Scott
tt2914740,Sean McGrath
tt2914740,Anne Sorce
tt2914740,Denise Poirier
tt3014284,Jackie Chan
tt3014284,Dave Franco
tt3014284,Fred Armisen
tt30446769,Jung Hae-in
tt30446769,Jung So-min
tt30446769,Kim Ji-eun
tt30517551,Birgit Minichmayr
tt30517551,Carl Achleitner
tt30517551,Laura Bleimund
tt3058736,Jeremiah Bennett
tt3058736,Livingston Bridgers
tt3058736,Anne Cook
tt3068194,Kate Beckinsale
tt3068194,Chloë Sevigny
tt3068194,Xavier Samuel
tt3073256,Ananta Jalil
tt3073256,Afiea Nusrat Barsha
tt3073256,Misha Sawdagor
tt30845371,Yang Xiao
tt30845371,Liying Zhao
tt30845371,Ye Liu
tt3089326,José Sacristán
tt3089326,Marina Andruix
tt3089326,Raimundo de los Reyes
tt3115906,Jessica Taylor Haid
tt3115906,James Seaman
tt3115906,Robin Bain
tt31193442,Drake Bell
tt31193442,Giovonnie Samuels
tt31193442,Kate Taylor
tt31250580,N/A
tt31497750,Priyanka Chopra Jonas
tt3155734,Anastasia Antonia
tt3155734,Eric Roberts
tt3155734,Khu
tt3172532,Bel Powley
tt3172532,Alexander Skarsgård
tt3172532,Kristen Wiig
tt3173678,Liz Bonnin
tt3173678,Max Hug Williams
tt3173678,Dale Miquelle
tt3204012,Hiroaki Hirata
tt3204012,Masakazu Morita
tt3204012,Yûichi Nakamura
tt3204144,Adèle Haenel
tt3204144,Kévin Azaïs
tt3204144,Antoine Laurent
tt3260524,Terry Donahue
tt3260524,Pat Henschel
tt3260524,Diana Bolan
tt3263436,Angela Fong
tt3263436,Gordon G. Lee
tt3263436,Mish'al Samman
tt3278540,Lucy Hale
tt3278540,Leonidas Gulaptis
tt3278540,Mindy Cohn
tt3313102,John Wells
tt3313102,Nate Merritt
tt3313102,Sara Bakay
tt3317234,Adam Devine
tt3317234,Anders Holm
tt3317234,Blake Anderson
tt3359350,Jake Gyllenhaal
tt3359350,Daniela Melchior
tt3359350,Conor McGregor
tt3366668,Eric Radomski
tt3366668,Bruce Timm
tt3387520,Zoe Colletti
tt3387520,Michael Garza
tt3387520,Gabriel Rush
tt3397556,Sarah Fisher
tt3397556,Mark Wiebe
tt3397556,Jesse Camacho
tt3399042,Harmandeep Palminder
tt3399042,Vikram Sharmaa
tt3399042,Elisabeth Lando
tt3469052,Jun Ji-hyun
tt3469052,Kim Soo-hyun
tt3469052,Park Hae-jin
tt3479858,Jeet
tt3479858,Abir Chatterjee
tt3479858,Priyanka Sarkar
tt3513498,Chris Pratt
tt3513498,Elizabeth Banks
tt3513498,Will Arnett
tt3514886,Lio Tipton
tt3514886,Jake McDorman
tt3514886,Nicolas Wright
tt3565486,Tuba Büyüküstün
tt3565486,Engin Akyürek
tt3565486,Burak Tamdogan
tt3585004,Kun Chen
tt3585004,Bingbing Li
tt3585004,Winston Chao
tt3591696,Lauren Mae Shafer
tt3591696,David G.B. Brown
tt3591696,Veronica Cartwright
tt3606888,Luke Treadaway
tt3606888,Bob the Cat
tt3606888,Ruta Gedmintas
tt3631112,Emily Blunt
tt3631112,Haley Bennett
tt3631112,Rebecca Ferguson
tt3666024,Emmanuel Garijo
tt3666024,Tom Hudson
tt3666024,Baptiste Goy
tt3697842,Stephen Colbert
tt3697842,Stay Human
tt3697842,Jon Batiste
tt3748172,Carla Gugino
tt3748172,Bruce Greenwood
tt3748172,Chiara Aurelia
tt3759370,Niels Schneider
tt3759370,August Diehl
tt3759370,Abdel-Hafed Benotman
tt3771570,Maksymilian Ceron
tt3771570,Michalina Olszanska
tt3771570,Julita Olszewska
tt3774694,Aomi Muyock
tt3774694,Karl Glusman
tt3774694,Klara Kristin
tt3780208,Siwan Morris
tt3780208,Gareth David-Lloyd
tt3780208,Joanna Ignaczewska
tt3853830,Danny Pudi
tt3853830,Rizwan Manji
tt3853830,Jon Heder
tt3881026,Kristofer Gummerus
tt3881026,Rami Rusinen
tt3881026,Renne Korppila
tt3889156,Lynne Anne Rodgers
tt3889156,Toby Osmond
tt3889156,April Pearson
tt3896738,Emma Booth
tt3896738,Ashleigh Cummings
tt3896738,Stephen Curry
tt3908142,Samantha Robinson
tt3908142,Jeffrey Vincent Parise
tt3908142,Laura Waddell
tt3911554,Kengo Hioki
tt3911554,Kotaro Tsukada
tt3911554,Yumiko Hioki
tt3950078,Hanyu Zhang
tt3950078,Tony Ka Fai Leung
tt3950078,Kenny Lin
tt3981658,XinZhi Qiu
tt3981658,Yi Huang
tt3981658,Qinqin Jiang
tt3986586,Candace Cameron Bure
tt3986586,Jodie Sweetin
tt3986586,Dashiell Messitt
tt3998324,Katy Perry
tt3998324,Juicy J
tt3998324,Jiffpom
tt3998324,Rachael Markarian
tt4003440,Matt Dillon
tt4003440,Bruno Ganz
tt4003440,Uma Thurman
tt4030442,Niamh Algar
tt4030442,Stephen Cromwell
tt4030442,Ged Murray
tt4031224,Sung Dong-il
tt4031224,Lee Kwang-soo
tt4031224,Jin Kyung
tt4061080,Gillian Jacobs
tt4061080,Paul Rust
tt4061080,Claudia O'Doherty
tt4062536,Anton Yelchin
tt4062536,Imogen Poots
tt4062536,Alia Shawkat
tt4074502,H.R. Giger
tt4074502,Carmen Maria Giger
tt4074502,Stanislav Grof
tt4103724,Alex Roe
tt4103724,Jessica Rothe
tt4103724,Abby Ryder Fortson
tt4116284,Will Arnett
tt4116284,Michael Cera
tt4116284,Rosario Dawson
tt4129870,Morgan Saylor
tt4129870,Brian Marc
tt4129870,Justin Bartha
tt4137902,Jan Vokes
tt4137902,Howard Davies
tt4137902,Brian 'Daisy' Vokes
tt4159076,Melissa O'Neil
tt4159076,Anthony Lemke
tt4159076,Alex Mallari Jr.
tt4162866,N/A
tt4171544,Adrian Bouchet
tt4171544,Amed Hashimi
tt4171544,Sabine Crossen
tt4176826,Oliver Masucci
tt4176826,Thomas M. Köppl
tt4176826,Marc-Marvin Israel
tt4209492,Alan Rabinowitz
tt4209788,Jessica Chastain
tt4209788,Idris Elba
tt4209788,Kevin Costner
tt4224754,Mickey Rourke
tt4224754,Janel Parrish
tt4224754,Marshall Manesh
tt4267026,Gore Abrams
tt4267026,Alice Bahlke
tt4267026,Danny Bellini
tt4273562,Shunsuke Kazama
tt4273562,Kenjirô Tsuda
tt4273562,Gregory Abbey
tt4280606,James Corden
tt4280606,Reggie Watts
tt4280606,Louis Waymouth
tt4353250,Jimmie Fails
tt4353250,Jonathan Majors
tt4353250,Rob Morgan
tt4447518,Brian Gleeson
tt4447518,Damien Molony
tt4447518,Sofia Boutella
tt4481514,Will Ferrell
tt4481514,Amy Poehler
tt4481514,Ryan Simpkins
tt4500922,Dylan O'Brien
tt4500922,Ki Hong Lee
tt4500922,Kaya Scodelario
tt4509840,Ken Foree
tt4509840,Katarina Cas
tt4509840,Monte Markham
tt4547056,Sennia Nanua
tt4547056,Fisayo Akinade
tt4547056,Dominique Tipper
tt4568328,Jirí Bartoska
tt4568328,Eliska Balzerová
tt4568328,Tatiana Dyková
tt4572820,Zoe Saldana
tt4572820,Karl Urban
tt4572820,Chris Pine
tt4578474,Bella Thorne
tt4578474,Charlie DePew
tt4578474,Carter Jenkins
tt4595186,Mila Kunis
tt4595186,Chiara Aurelia
tt4595186,Finn Wittrock
tt4599430,N/A
tt4630550,Adèle Haenel
tt4630550,Olivier Bonnaud
tt4630550,Jérémie Renier
tt4666618,Hamad Almutaani
tt4666618,Maram Alzghoul
tt4666618,Shady Eldanf
tt4686844,Steve Buscemi
tt4686844,Simon Russell Beale
tt4686844,Jeffrey Tambor
tt4699388,Jean Dujardin
tt4699388,Virginie Efira
tt4699388,Cédric Kahn
tt4702300,Amanda Evans
tt4702300,Geri-Nikole Love
tt4702300,Sirita Wright
tt4741310,Gregory Snegoff
tt4741310,Francis Pardeilhan
tt4741310,Jane Alexander
tt4742700,Joanne Froggatt
tt4742700,Alun Armstrong
tt4742700,Isla McMonigle
tt4761916,Colin Woodell
tt4761916,Stephanie Nogueras
tt4761916,Betty Gabriel
tt4770018,Laura Whitmore
tt4770018,Iain Stirling
tt4770018,Caroline Flack
tt4787052,Elçin Sangu
tt4787052,Baris Arduç
tt4787052,Salih Bademci
tt4791322,Leonardo Sbaraglia
tt4791322,Eva De Dominici
tt4791322,Erica Banchi
tt4795016,Pik Sen Lim
tt4795016,Olivia Mace
tt4795016,Roger Ringrose
tt4795016,Carolyn Pickles
tt4801682,Sundeep Kishan
tt4801682,Rahul Ravindran
tt4801682,Seerat Kapoor
tt4805316,Steve Oram
tt4805316,Catherine Walker
tt4805316,Susan Loughnane
tt4823776,Tim Hill
tt4823776,Clancy Brown
tt4823776,Bill Fagerbakke
tt4850642,Aislinn Paul
tt4850642,Henry Zebrowski
tt4850642,Greta Onieogou
tt4877122,T.J. Miller
tt4877122,James Corden
tt4877122,Anna Faris
tt4901756,Alina Babak
tt4901756,Valeriya Dmitrieva
tt4901756,Igor Khripunov
tt4922692,Natalia de Molina
tt4922692,Álex García
tt4922692,Jacobo Sánchez
tt4943998,Timothy Olyphant
tt4943998,Ian McShane
tt4943998,Molly Parker
tt4970294,Nathan Bechtold
tt4970294,Ran Burns
tt4970294,Jessica Froelich
tt5017192,Sippy Gill
tt5017192,Ihana Dhillon
tt5017192,Yograj Singh
tt5057140,Jeffrey Wright
tt5057140,Alexander Skarsgård
tt5057140,James Badge Dale
tt5058828,Chester Hill
tt5058828,Max Insolia
tt5058828,Gus Jansen
tt5066556,Choi Min-sik
tt5066556,Hitanshu Barik
tt5066556,Kim Hong-pa
tt5068650,David Banks
tt5068650,Sara Areyano
tt5068650,Cortney Palm
tt5096470,Sam Claflin
tt5096470,Olivia Munn
tt5096470,Freida Pinto
tt5098128,N.T. Rama Rao Jr.
tt5098128,Rakul Preet Singh
tt5098128,Jagapathi Babu
tt5112578,Owen Campbell
tt5112578,Charlie Tahan
tt5112578,Elizabeth Cappuccino
tt5133998,Burak Özçivit
tt5133998,Neslihan Atagül
tt5133998,Kaan Urgancioglu
tt5160614,April Billingsley
tt5160614,Kelsey Scott
tt5160614,Conal Byrne
tt5164432,Nick Robinson
tt5164432,Jennifer Garner
tt5164432,Josh Duhamel
tt5177088,Claire Foy
tt5177088,Beau Gadsdon
tt5177088,Sverrir Gudnason
tt5232622,Gugu Mbatha-Raw
tt5232622,David Oyelowo
tt5232622,Jessica Plummer
tt5247042,Petra Silander
tt5247042,Olivier Gruner
tt5247042,Kendra Waldman
tt5258128,Marisa Tomei
tt5258128,Charlie Plummer
tt5258128,Timothy Olyphant
tt5266218,Ravi Teja
tt5266218,Tamannaah Bhatia
tt5266218,Raashi Khanna
tt5281134,Robert Jumper
tt5281134,Anna Rose Hopkins
tt5281134,Rosie Rodriguez
tt5302658,Emily Kinney
tt5302658,John Reardon
tt5302658,Hayley Sales
tt5308322,Jessica Rothe
tt5308322,Israel Broussard
tt5308322,Ruby Modine
tt5311542,Tom Schilling
tt5311542,Sebastian Koch
tt5311542,Paula Beer
tt5323662,Miyu Irino
tt5323662,Saori Hayami
tt5323662,Aoi Yûki
tt5339462,Francesco Pezzulli
tt5339462,Antonella Baldini
tt5339462,Saverio Moriones
tt5397520,Lauren Terp
tt5397520,Kristie
tt5397520,Drew
tt5460530,Nicolas Cage
tt5460530,Anna Hutchison
tt5460530,Talitha Eliana Bateman
tt5465496,Mithun Chakraborty
tt5465496,Rajatabha Dutta
tt5465496,Dulal Lahiri
tt5478730,Kevin Bacon
tt5478730,Kathryn Hahn
tt5478730,Griffin Dunne
tt5575678,Park Bo-gum
tt5575678,Kim Yoo-jung
tt5575678,Kwak Dong-yeon
tt5581752,Danny Glover
tt5581752,Udo Kier
tt5581752,Anamaria Marinca
tt5600406,Brian Elerding
tt5600406,Lana McKissack
tt5600406,Michael Nardelli
tt5607976,Dafne Keen
tt5607976,Kit Connor
tt5607976,Ruth Wilson
tt5611978,Marcel Borràs
tt5611978,Aina Clotet
tt5611978,Vicenç Fonolleda
tt5634998,Melody Moezzi
tt5634998,David Ogden Stiers
tt5695180,N/A
tt5700176,Ruth Wilson
tt5700176,Jonah Russell
tt5700176,Paul Robertson
tt5729304,MyAnna Buring
tt5729304,Ben Batt
tt5729304,David Leon
tt5753856,Louis Hofmann
tt5753856,Karoline Eichhorn
tt5753856,Lisa Vicari
tt5768632,Hande Erçel
tt5768632,Burak Deniz
tt5768632,Özcan Tekdemir
tt5779228,Chris Pratt
tt5779228,Samuel L. Jackson
tt5779228,Hannah Waddingham
tt5785170,Akshay Kumar
tt5785170,Anupam Kher
tt5785170,Bhumi Pednekar
tt5834800,Robin Dunne
tt5834800,Dan Payne
tt5834800,Daniel Cudmore
tt5844304,Tom Caserto
tt5844304,Marcio Catalano
tt5844304,Andrew Dasz
tt5845332,Forrest Galante
tt5850588,Maurício Chagas
tt5850588,Aristides de Sousa
tt5850588,Eldo Rodrigues
tt5866284,Tom Riley
tt5866284,Joseph Teague
tt5866284,Anjli Mohindra
tt5876392,Bijulal
tt5876392,Vijay Raaz
tt5898016,Klara Rumyanova
tt5927634,Jim Abernethy
tt5927634,Allen Farmer
tt5927634,Neil Hammerschlag
tt5936866,Andrew Scott
tt5936866,Bronagh Waugh
tt5936866,Denise Gough
tt5956100,Salman Khan
tt5956100,Katrina Kaif
tt5956100,Paresh Pahuja
tt5995602,Pradeep Bogadi
tt5995602,Nyra Banerjee
tt5995602,K. Shivaram
tt6007398,Flora Li Thiemann
tt6007398,Emily Kusche
tt6007398,David Ali Rashed
tt6010216,Melissa Leo
tt6010216,Linda Barber
tt6010216,Janet M. Davis
tt6012380,Lesley Manville
tt6012380,Liam Neeson
tt6012380,Esh Alladi
tt6048596,Bill Pullman
tt6048596,Jessica Hecht
tt6048596,Dohn Norwood
tt6053512,Jim Sturgess
tt6053512,Brooklynn Prince
tt6053512,Abby Miller
tt6082614,Ella Rumpf
tt6082614,Maria Dragus
tt6082614,Enno Trebs
tt6089664,Natasha Mago
tt6089664,Derek Watts
tt6095472,Jason Sudeikis
tt6095472,Josh Gad
tt6095472,Leslie Jones
tt6107548,Emma Thompson
tt6107548,Mindy Kaling
tt6107548,John Lithgow
tt6121444,Shaïn Boumedine
tt6121444,Ophélie Bau
tt6121444,Salim Kechiouche
tt6132720,Halit Ergenç
tt6132720,Bergüzar Korel
tt6132720,Boran Kuzum
tt6138404,Roger Forbes
tt6138404,Howard Nightingall
tt6143422,Sanjay Mishra
tt6143422,Ranvir Shorey
tt6143422,Tillotama Shome
tt6204018,Hanna Alström
tt6204018,Jonatan Rodriguez
tt6204018,Jonas Karlsson
tt6205862,Sarah Paulson
tt6205862,Sterling K. Brown
tt6205862,Nina Jacobson
tt6263222,Park Bo-young
tt6263222,Park Hyung-sik
tt6263222,Ji Soo
tt6286736,Dave Bickler
tt6286736,Marc Droubay
tt6286736,Stephan Ellis
tt6286736,Jim Peterik
tt6300838,Taku Yashiro
tt6300838,Suzuko Mimori
tt6300838,Yû Kobayashi
tt6335734,Gen Hoshino
tt6335734,Kana Hanazawa
tt6335734,Hiroshi Kamiya
tt6350332,Him Law
tt6350332,Joe Tak-Chung Ma
tt6350332,Ho-Shun Wong
tt6402468,Peri Baumeister
tt6402468,Carl Anton Koch
tt6402468,Alexander Scheer
tt6450804,Linda Hamilton
tt6450804,Arnold Schwarzenegger
tt6450804,Mackenzie Davis
tt6520654,Ahmed Zaki
tt6520654,Yusuf Fawzi
tt6520654,Ahmad Mazhar
tt6562866,Trevor Noah
tt6565702,James McAvoy
tt6565702,Michael Fassbender
tt6565702,Jennifer Lawrence
tt6571548,Adarsh Gourav
tt6571548,Rajkummar Rao
tt6571548,Priyanka Chopra Jonas
tt6633182,Jon Tester
tt6633182,Debra Bonogofsky
tt6633182,Jim Peterson
tt6718170,Chris Pratt
tt6718170,Anya Taylor-Joy
tt6718170,Charlie Day
tt6735740,Daniel Keith
tt6735740,Kathy Searle
tt6735740,Roger Hendricks Simon
tt6763664,Michiel Huisman
tt6763664,Carla Gugino
tt6763664,Henry Thomas
tt6832388,Nadia Alexander
tt6832388,Toby Nichols
tt6832388,Karl Markovics
tt6874762,Daniel Gillies
tt6874762,Erik Thomson
tt6874762,Miriama McDowell
tt6876788,Jordi Vilasuso
tt6876788,Abigail Titmuss
tt6876788,Richard Neil
tt6892400,Toni Servillo
tt6892400,Alessio Boni
tt6892400,Lorenzo Richelmy
tt6893836,Alan Cumming
tt6893836,Peter Bogdanovich
tt6893836,Oja Kodar
tt6905542,Neil Sterenberg
tt6905542,Beccy Henderson
tt6905542,Nathalie Emmanuel
tt6966692,Viggo Mortensen
tt6966692,Mahershala Ali
tt6966692,Linda Cardellini
tt6967980,Ayushmann Khurrana
tt6967980,Kriti Sanon
tt6967980,Rajkummar Rao
tt7129636,Issa Rae
tt7201846,Thomas Solivérès
tt7201846,Olivier Gourmet
tt7201846,Mathilde Seigner
tt7211438,Yousuf Baig
tt7211438,Gulab Chandio
tt7211438,Sajjad Gul
tt7264080,Louis C.K.
tt7264080,Chloë Grace Moretz
tt7264080,Rose Byrne
tt7466442,H. Jon Benjamin
tt7466442,Kristen Schaal
tt7466442,Dan Mintz
tt7479692,Sathish Neenasam
tt7479692,Bhavana Rao
tt7479692,Roshini Prakash
tt7492256,Louis Theroux
tt7492256,Katillia
tt7492256,Nate Walsh
tt7564016,Radhika Narayan
tt7564016,Avinash Narsimharaju
tt7564016,Sheetal Shetty
tt7598448,Simona Brown
tt7598448,Gennady Fleyscher
tt7598448,Clare Holman
tt7608028,Dylan Minnette
tt7608028,Piercey Dalton
tt7608028,Patricia Bethune
tt7644680,Zak Holman
tt7644680,Howard Raishbrook
tt7644680,Scott Lane
tt7657566,Tom Bateman
tt7657566,Annette Bening
tt7657566,Kenneth Branagh
tt7772602,Perry Mattfeld
tt7772602,Casey Deidrick
tt7772602,Morgan Krantz
tt7808566,Cristin Milioti
tt7808566,Billy Magnussen
tt7808566,Ray Romano
tt7853242,Vicky Kaushal
tt7853242,Angira Dhar
tt7853242,Alankrita Sahai
tt7918842,Birgitta von Otter
tt7918842,Adelheid von Platen
tt7918842,Kjell Olof Feldt
tt7972012,Jean Dujardin
tt7972012,Pierre Niney
tt7972012,Fatou N'Diaye
tt7991608,Dwayne Johnson
tt7991608,Ryan Reynolds
tt7991608,Gal Gadot
tt8006374,Svetlana Ustinova
tt8006374,Maryana Spivak
tt8006374,Aleksey Rozin
tt8010354,David Oyelowo
tt8010354,Clara Ross
tt8010354,Tamsin Greig
tt8097030,Rosalie Chiang
tt8097030,Sandra Oh
tt8097030,Ava Morse
tt8110246,Jack Kesy
tt8110246,Conor Leslie
tt8110246,Ron Funches
tt8119680,Kim Yoon-seok
tt8119680,Ju Ji-hoon
tt8119680,Jin Seon-kyu
tt8123886,Lee Jin-wook
tt8123886,Go Hyun-jung
tt8123886,Kim Dae-gon
tt8130518,Alexys Gabrielle
tt8130518,Anna Stranz
tt8130518,Pierse Stevens
tt8201142,Babou Ceesay
tt8201142,Jill Halfpenny
tt8201142,Rudi Dharmalingam
tt8246058,Ron Ng
tt8246058,Lee Pace
tt8246058,Andy Gatenby
tt8254556,Victor Polster
tt8254556,Arieh Worthalter
tt8254556,Oliver Bodart
tt8254880,Arisa Date
tt8254880,Kent Itou
tt8254880,Miyuki Sawashiro
tt8259114,Patton Oswalt
tt8259114,Paul Haynes
tt8259114,Amy Ryan
tt8265928,François Civil
tt8265928,Joséphine Japy
tt8265928,Benjamin Lavernhe
tt8269120,Laura Fraser
tt8269120,Mel Raido
tt8269120,Sid Phoenix
tt8310486,Martin Freeman
tt8310486,Jenna Ortega
tt8310486,Bashir Salahuddin
tt8310674,Edward Asner
tt8310674,Taylor Nichols
tt8310674,Luke Eisner
tt8356394,David Cross
tt8356394,Debra Messing
tt8356394,David Koechner
tt8386654,Sam Vincent
tt8386654,Dexter Bell
tt8386654,William 'Big Sleeps' Stewart
tt8427140,Aurora Perrineau
tt8427140,Diane Sellers
tt8427140,Dylan Arnold
tt8433210,Oscar Cardenas
tt8433210,Kenzie Dalton
tt8433210,Graham Greene
tt8508734,Sope Dirisu
tt8508734,Wunmi Mosaku
tt8508734,Malaika Wakoli-Abigaba
tt8521778,Kingsley Ben-Adir
tt8521778,Lashana Lynch
tt8521778,James Norton
tt8543390,Anne Hathaway
tt8543390,Tina Fey
tt8543390,Andy Garcia
tt8725166,David Farrier
tt8725166,Christian Wolf
tt8725166,Jhon Jairo Velásquez
tt8824648,Kitty Chicha
tt8824648,Tris Ren
tt8824648,Naomi Amante
tt8847740,Laaibah Alvi
tt8847740,Heather Bambrick
tt8847740,Ted Dykstra
tt8907992,Parineeti Chopra
tt8907992,Aditi Rao Hydari
tt8907992,Kirti Kulhari
tt8993398,Kaito Ishikawa
tt8993398,Asami Seto
tt8993398,Yurika Kubo
tt9026184,CM Punk
tt9026184,Trieste Kelly Dunn
tt9026184,Sarah Brooks
tt9046556,Johnny Cash
tt9046556,Richard Nixon
tt9046556,Aram Bakshian
tt9063902,Oscar Martínez
tt9063902,Inma Cuesta
tt9063902,Mafalda Carbonell
tt9071322,Mark Ruffalo
tt9071322,Anne Hathaway
tt9071322,Tim Robbins
tt9135260,Jessica Madsen
tt9135260,Opal Littleton
tt9135260,Ed Brody
tt9145880,Kim So-hyun
tt9145880,Song Kang
tt9145880,Jung Ga-ram
tt9159144,Chris Jericho
tt9159144,Steve Kasan
tt9159144,James E. Cornette
tt9179284,Bakarhythm
tt9179284,Kokoro Hirasawa
tt9179284,Marie Iitoyo
tt9204328,Casey Likes
tt9204328,Emyri Crutchfield
tt9204328,Dustin Ceithamer
tt9243804,Dev Patel
tt9243804,Alicia Vikander
tt9243804,Joel Edgerton
tt9248940,Ayushmann Khurrana
tt9248940,Nushrratt Bharuccha
tt9248940,Annu Kapoor
tt9252508,Ava Michelle
tt9252508,Griffin Gluck
tt9252508,Sabrina Carpenter
tt9286542,June Allen
tt9286542,Courtenay Anderson
tt9286542,Loren Bivens
tt9315722,Tiger Woods
tt9315722,Phil Mickelson
tt9315722,Ernie Johnson
tt9319380,Ace Bhatti
tt9325320,Josephine Bornebusch
tt9325320,Johan Ulveson
tt9325320,Gustav Lindh
tt9354842,Lana Condor
tt9354842,Noah Centineo
tt9354842,Jordan Fisher
tt9398640,Zach Galifianakis
tt9398640,Matthew McConaughey
tt9398640,Rekha Shankar
tt9448932,Celia Imrie
tt9448932,Shannon Tarbet
tt9448932,Shelley Conn
tt9522300,Aaron Dismuke
tt9522300,Aoi Koga
tt9522300,Makoto Furukawa
tt9561862,Fred Tatasciore
tt9561862,Scott Whyte
tt9561862,Nolan North
tt9614090,Conrad Roy Jr.
tt9614090,Lynn Roy
tt9614090,Jesse Barron
tt9632590,Mina Farid
tt9632590,Zahia Dehar
tt9632590,Benoît Magimel
tt9685282,Sui-Man Chim
tt9685282,Li Fang
tt9685282,Guohua Liu
tt9688874,Ravi Teja
tt9688874,Anupam Kher
tt9688874,Gayatri Bhardwaj
tt9721776,Akin Akinözü
tt9721776,Ebru Sahin
tt9721776,Ayda Aksel
tt9731534,Rebecca Hall
tt9731534,Sarah Goldberg
tt9731534,Vondie Curtis-Hall
tt9801400,Marie Marolle
tt9801400,Karanja Yorke
tt9801400,Samuel Mak
tt9827834,Tessa Thompson
tt9827834,Nnamdi Asomugha
tt9827834,Eva Longoria
tt9838428,N/A
tt9860728,Christina Milian
tt9860728,Adam Demos
tt9860728,Jeffrey Bowyer-Chapman
tt9869424,N/A
