imdbid,sprache
tt0008677,None
tt0009700,None
tt0014547,None
tt0014606,English
tt0019004,None
tt0019760,None
tt0020481,English
tt0020503,English
tt0022802,English
tt0023158,English
tt0023293,English
tt0023594,English
tt0023594,Portuguese
tt0024671,Spanish
tt0025048,English
tt0025896,English
tt0026264,English
tt0026663,English
tt0027221,English
tt0027349,English
tt0028767,English
tt0028767,German
tt0028767,French
tt0030871,German
tt0031210,English
tt0031593,English
tt0031593,French
tt0031885,French
tt0031885,German
tt0031885,English
tt0032383,English
tt0032566,English
tt0032599,English
tt0032599,French
tt0032617,English
tt0033616,English
tt0033616,Hindi
tt0034389,English
tt0034587,English
tt0034587,Czech
tt0034587,Serbian
tt0036324,English
tt0036439,English
tt0036723,English
tt0036723,French
tt0036745,English
tt0037378,English
tt0038174,English
tt0038289,English
tt0038289,French
tt0038452,English
tt0038453,English
tt0038453,Italian
tt0038455,English
tt0038958,English
tt0038958,French
tt0038988,English
tt0039302,English
tt0040270,English
tt0040725,English
tt0040725,French
tt0040725,Russian
tt0040853,Swedish
tt0041154,Japanese
tt0041430,English
tt0041627,English
tt0041699,Japanese
tt0041699,French
tt0042379,English
tt0043084,None
tt0043208,English
tt0043208,Spanish
tt0044098,German
tt0045129,English
tt0045300,English
tt0046036,English
tt0046874,English
tt0046928,English
tt0047505,English
tt0047628,Russian
tt0048316,English
tt0048316,Mandarin
tt0048317,English
tt0049452,English
tt0049761,Arabic
tt0049854,English
tt0049873,English
tt0050099,French
tt0050099,Italian
tt0050099,Albanian
tt0050099,English
tt0050233,English
tt0050658,English
tt0050658,French
tt0051459,English
tt0051604,French
tt0051702,English
tt0051732,English
tt0051744,English
tt0052295,German
tt0052964,French
tt0053114,Japanese
tt0053114,Mandarin
tt0053361,English
tt0053361,Polish
tt0053361,Spanish
tt0053750,English
tt0054022,English
tt0054022,French
tt0054022,German
tt0054022,Chinese
tt0054022,Italian
tt0054022,Arabic
tt0056586,Italian
tt0056703,English
tt0056823,Dutch
tt0056823,German
tt0057012,English
tt0057012,Russian
tt0057076,English
tt0057076,Russian
tt0057076,Turkish
tt0057076,French
tt0057076,Romany
tt0057076,Italian
tt0057263,English
tt0057263,Italian
tt0057379,English
tt0058536,English
tt0058586,English
tt0058586,Spanish
tt0058656,Mandarin
tt0058657,English
tt0058658,French
tt0059017,English
tt0059978,English
tt0060153,English
tt0060153,French
tt0060153,German
tt0060153,Hebrew
tt0060153,Japanese
tt0060153,Russian
tt0060153,Spanish
tt0060153,Swahili
tt0060492,English
tt0060565,English
tt0060758,French
tt0061095,French
tt0061177,English
tt0061177,Japanese
tt0062369,English
tt0062370,Italian
tt0062376,English
tt0062467,English
tt0062863,English
tt0062863,French
tt0062994,English
tt0063069,English
tt0063696,English
tt0064603,English
tt0064603,Cantonese
tt0064603,Spanish
tt0065856,English
tt0065955,Swedish
tt0065955,Spanish
tt0066011,English
tt0066343,English
tt0066456,English
tt0066579,English
tt0066579,German
tt0067310,Urdu
tt0067310,German
tt0067491,English
tt0068205,French
tt0068612,English
tt0068612,Yiddish
tt0068833,English
tt0069945,English
tt0069973,French
tt0069992,English
tt0069995,English
tt0069995,Italian
tt0070301,Mandarin
tt0070640,English
tt0070640,Spanish
tt0070640,French
tt0070705,Mandarin
tt0070723,English
tt0070723,Spanish
tt0070723,Hebrew
tt0070778,Mandarin
tt0070968,Japanese
tt0071007,English
tt0071391,English
tt0072157,Japanese
tt0072730,English
tt0072890,English
tt0073155,French
tt0073312,English
tt0073511,English
tt0073582,Italian
tt0073582,German
tt0073582,Hebrew
tt0074506,Mandarin
tt0074624,Mandarin
tt0074806,English
tt0074806,Hebrew
tt0075529,English
tt0076095,English
tt0076095,Japanese
tt0076095,German
tt0076162,Japanese
tt0076519,Mandarin
tt0076716,English
tt0076716,Arabic
tt0076823,Italian
tt0077290,Mandarin
tt0077399,English
tt0077645,English
tt0077645,Mandarin
tt0077831,Cantonese
tt0077975,English
tt0077975,Italian
tt0078397,Serbo-Croatian
tt0078771,French
tt0079027,English
tt0079483,Cantonese
tt0079483,Mandarin
tt0079489,English
tt0079588,English
tt0079803,Mandarin
tt0082235,English
tt0082329,English
tt0082468,English
tt0082477,English
tt0082477,Italian
tt0082562,Italian
tt0083542,English
tt0083722,English
tt0083791,English
tt0084922,Mandarin
tt0085303,English
tt0085303,Italian
tt0085496,Spanish
tt0086050,English
tt0086439,English
tt0086491,English
tt0086491,French
tt0086491,German
tt0086491,Vietnamese
tt0086525,English
tt0087182,English
tt0087233,English
tt0087317,German
tt0087644,English
tt0087644,French
tt0087644,Spanish
tt0087650,Russian
tt0087985,English
tt0087985,Russian
tt0087985,Spanish
tt0088271,German
tt0089482,Mandarin
tt0089482,English
tt0089606,Swedish
tt0089893,English
tt0090490,English
tt0091027,English
tt0091223,English
tt0092045,English
tt0092106,English
tt0092106,Japanese
tt0092359,English
tt0092718,English
tt0092830,English
tt0092831,English
tt0093374,German
tt0093605,English
tt0094321,English
tt0094535,English
tt0094535,Esperanto
tt0094924,English
tt0095088,English
tt0095467,Polish
tt0095467,Portuguese
tt0095491,Cantonese
tt0095491,Hakka
tt0095803,English
tt0095963,English
tt0095963,Russian
tt0095963,Spanish
tt0096236,Cantonese
tt0096236,English
tt0096267,English
tt0096463,English
tt0097778,English
tt0098072,English
tt0098206,English
tt0098206,Portuguese
tt0098273,English
tt0098477,German
tt0098532,Finnish
tt0098994,English
tt0099363,English
tt0099364,English
tt0099472,English
tt0099474,English
tt0099810,English
tt0099810,Russian
tt0099817,English
tt0099819,English
tt0099819,Italian
tt0099819,Serbo-Croatian
tt0099975,English
tt0099975,Cantonese
tt0100050,English
tt0100605,Cantonese
tt0100967,Cantonese
tt0101169,English
tt0101276,English
tt0101660,English
tt0101664,English
tt0101664,Navajo
tt0101664,Hopi
tt0101921,English
tt0102286,Cantonese
tt0102343,English
tt0102492,English
tt0102958,Spanish
tt0102958,English
tt0102958,Japanese
tt0102958,Latin
tt0103039,English
tt0103352,English
tt0103905,French
tt0104036,English
tt0104054,English
tt0104070,English
tt0104662,Spanish
tt0104662,German
tt0104765,English
tt0105592,English
tt0105811,English
tt0105903,Mandarin
tt0106052,English
tt0106053,English
tt0106664,English
tt0106941,English
tt0107438,English
tt0107473,English
tt0108327,English
tt0108551,English
tt0109078,English
tt0109307,English
tt0109542,English
tt0109550,English
tt0109550,Russian
tt0109551,English
tt0109962,Cantonese
tt0109962,Mandarin
tt0109962,English
tt0109965,English
tt0110093,English
tt0110391,English
tt0110395,English
tt0110613,English
tt0110852,Cantonese
tt0110982,English
tt0111495,French
tt0111662,Cantonese
tt0111727,English
tt0112572,English
tt0112606,English
tt0113198,English
tt0113356,Cantonese
tt0113356,Hokkien
tt0113416,English
tt0113703,Japanese
tt0113729,English
tt0114095,English
tt0114095,Arabic
tt0114188,English
tt0114614,English
tt0114781,English
tt0115151,English
tt0116030,English
tt0116242,English
tt0116242,French
tt0116242,Italian
tt0116242,Hindi
tt0116414,English
tt0116621,English
tt0116621,Italian
tt0116743,English
tt0116743,Italian
tt0117891,English
tt0117905,Cantonese
tt0117905,Mandarin
tt0117905,English
tt0117911,English
tt0118159,English
tt0118491,English
tt0118556,English
tt0118556,French
tt0118694,Cantonese
tt0118694,Shanghainese
tt0118694,French
tt0118694,Spanish
tt0118843,Romany
tt0118843,Serbian
tt0118843,Bulgarian
tt0118929,English
tt0118930,English
tt0119174,English
tt0119174,Cantonese
tt0119174,German
tt0119174,Spanish
tt0119174,Thai
tt0119572,English
tt0119574,English
tt0119577,English
tt0119577,French
tt0120689,English
tt0120689,French
tt0120863,English
tt0120863,Tok Pisin
tt0120863,Japanese
tt0120863,Greek
tt0120885,English
tt0120885,Albanian
tt0123324,English
tt0124315,English
tt0124718,English
tt0126698,English
tt0126916,English
tt0127760,English
tt0129023,English
tt0133011,Portuguese
tt0134858,English
tt0137330,English
tt0138097,English
tt0140745,English
tt0141006,English
tt0142032,English
tt0142032,Italian
tt0143940,German
tt0144201,French
tt0144201,Italian
tt0144201,Greek
tt0144201,Turkish
tt0149593,English
tt0150662,Swedish
tt0153080,English
tt0156812,English
tt0156812,German
tt0160910,English
tt0161191,English
tt0165247,Cantonese
tt0165247,Korean
tt0165247,English
tt0165727,Mandarin
tt0165798,English
tt0165798,French
tt0166252,English
tt0167400,Turkish
tt0168629,English
tt0168629,German
tt0168629,Czech
tt0172184,English
tt0172493,English
tt0175142,English
tt0185371,English
tt0186619,English
tt0186726,English
tt0188453,English
tt0188453,Russian
tt0188863,English
tt0189649,English
tt0190332,Mandarin
tt0190332,Chinese
tt0190641,Japanese
tt0190641,English
tt0190829,English
tt0197951,English
tt0199725,English
tt0199725,Spanish
tt0199727,English
tt0199753,English
tt0201992,Cantonese
tt0202109,N/A
tt0202880,Japanese
tt0203233,Mandarin
tt0203523,English
tt0204709,French
tt0204993,English
tt0206080,English
tt0206516,Japanese
tt0208003,English
tt0210234,Japanese
tt0211042,Italian
tt0211042,Thai
tt0212558,Russian
tt0219374,English
tt0220880,English
tt0221023,English
tt0221218,English
tt0221218,Spanish
tt0221218,Greek
tt0224626,English
tt0228183,English
tt0234137,English
tt0235327,English
tt0240793,English
tt0243255,French
tt0243255,Italian
tt0243255,English
tt0244479,Czech
tt0244479,German
tt0244479,English
tt0244479,Slovak
tt0248555,English
tt0251736,English
tt0257106,English
tt0259054,English
tt0259656,N/A
tt0262287,Telugu
tt0262830,English
tt0263074,Turkish
tt0263975,Turkish
tt0264796,English
tt0265208,English
tt0266987,English
tt0266987,German
tt0266987,Arabic
tt0266987,French
tt0266987,Cantonese
tt0269217,Thai
tt0270480,Spanish
tt0271111,English
tt0272338,English
tt0273689,English
tt0274965,English
tt0275277,Japanese
tt0275277,English
tt0277371,English
tt0277371,Italian
tt0277657,N/A
tt0279113,English
tt0279331,English
tt0280609,English
tt0281360,English
tt0282698,English
tt0283877,English
tt0284244,German
tt0285680,English
tt0286788,English
tt0287839,English
tt0287839,French
tt0289765,English
tt0289765,French
tt0290326,Hindi
tt0292945,Persian
tt0293069,English
tt0293715,Korean
tt0293715,English
tt0294433,English
tt0300051,English
tt0301370,Mandarin
tt0304824,English
tt0305669,English
tt0306047,English
tt0306841,English
tt0306841,Italian
tt0308252,English
tt0308379,Japanese
tt0309530,English
tt0312528,English
tt0313016,English
tt0314331,English
tt0314331,Portuguese
tt0314331,French
tt0314405,English
tt0315638,Spanish
tt0315983,English
tt0315983,Persian
tt0317676,English
tt0322802,English
tt0322802,Japanese
tt0322802,Spanish
tt0323807,Italian
tt0323807,French
tt0323807,English
tt0324013,English
tt0325618,Hindi
tt0325618,English
tt0325733,German
tt0327643,English
tt0328077,English
tt0329200,English
tt0333780,English
tt0335119,English
tt0337592,English
tt0338459,English
tt0344160,French
tt0344160,English
tt0345591,English
tt0345950,English
tt0347618,Japanese
tt0349682,German
tt0356634,English
tt0362120,English
tt0362120,Japanese
tt0364517,French
tt0369226,English
tt0369672,English
tt0375735,English
tt0382189,English
tt0382628,English
tt0384252,German
tt0384629,English
tt0385002,English
tt0385002,Italian
tt0385002,German
tt0385004,Mandarin
tt0385880,English
tt0387126,English
tt0387126,German
tt0387228,Cantonese
tt0388980,English
tt0389790,English
tt0390559,Telugu
tt0391304,English
tt0391304,American Sign
tt0391908,English
tt0393735,English
tt0393879,Telugu
tt0397065,English
tt0397113,English
tt0397442,English
tt0397619,Korean
tt0398868,English
tt0398883,Italian
tt0399060,English
tt0401828,English
tt0402249,English
tt0404220,English
tt0404254,English
tt0405497,Mandarin
tt0407269,English
tt0407658,English
tt0408318,Danish
tt0408318,English
tt0408318,Spanish
tt0410297,English
tt0411265,English
tt0411267,English
tt0411267,Welsh
tt0412142,English
tt0413406,English
tt0416675,Mandarin
tt0416675,English
tt0416881,Japanese
tt0417001,English
tt0417001,Armenian
tt0419198,Italian
tt0419198,English
tt0419198,Arabic
tt0419198,French
tt0419208,Japanese
tt0420252,English
tt0420555,French
tt0420555,Italian
tt0420555,English
tt0421030,English
tt0421239,English
tt0421239,Russian
tt0421729,English
tt0422434,English
tt0424430,Japanese
tt0424430,English
tt0424873,Turkish
tt0425637,Mandarin
tt0426592,English
tt0426883,English
tt0428579,English
tt0428579,French
tt0429626,Persian
tt0431308,English
tt0431641,Japanese
tt0432402,English
tt0432402,Slovak
tt0432402,French
tt0433360,English
tt0433963,English
tt0437729,English
tt0441834,Japanese
tt0443518,English
tt0443518,French
tt0445094,English
tt0445840,Mandarin
tt0449306,Hindi
tt0451109,English
tt0452608,English
tt0452643,English
tt0452643,Spanish
tt0452971,Spanish
tt0454431,Hindi
tt0456481,Hindi
tt0456481,English
tt0456773,German
tt0459945,Russian
tt0460435,English
tt0462538,English
tt0462667,French
tt0462667,Russian
tt0462667,English
tt0466342,English
tt0466408,German
tt0467200,English
tt0468558,English
tt0468569,English
tt0468569,Mandarin
tt0468644,Dutch
tt0468644,English
tt0468644,Spanish
tt0469318,English
tt0477139,English
tt0477139,Russian
tt0477574,Hindi
tt0481006,Hungarian
tt0482527,English
tt0482930,Cantonese
tt0483184,Malayalam
tt0483578,Japanese
tt0484562,English
tt0484740,English
tt0485376,English
tt0486651,English
tt0490076,English
tt0490228,English
tt0492956,English
tt0498483,English
tt0757157,Korean
tt0758740,English
tt0758752,English
tt0770772,English
tt0783238,English
tt0784938,English
tt0792986,French
tt0795363,Mandarin
tt0795368,English
tt0795461,English
tt0795461,Spanish
tt0795461,Latin
tt0799949,English
tt0800027,English
tt0803061,English
tt0803061,Polish
tt0805564,English
tt0805564,Spanish
tt0806165,English
tt0806165,Japanese
tt0808399,English
tt0808399,French
tt0808399,Cantonese
tt0808399,Yiddish
tt0808506,Japanese
tt0809497,English
tt0810819,English
tt0810819,French
tt0810819,German
tt0810819,Ukrainian
tt0811138,English
tt0819714,English
tt0819714,Welsh
tt0830558,English
tt0836641,Russian
tt0844708,English
tt0846308,English
tt0852705,English
tt0852713,English
tt0854678,English
tt0856262,Mandarin
tt0856262,Cantonese
tt0873886,English
tt0877057,Japanese
tt0877057,English
tt0879870,English
tt0879870,Italian
tt0879870,Portuguese
tt0883398,English
tt0899106,English
tt0903657,English
tt0905315,Mandarin
tt0913951,English
tt0920462,English
tt0920462,Japanese
tt0923633,English
tt0944947,English
tt0947810,English
tt0947810,Arabic
tt0956177,Swedish
tt0972558,Russian
tt0974959,English
tt0977855,English
tt0977855,Arabic
tt0977855,French
tt0985025,English
tt0990407,English
tt0990407,Mandarin
tt0996605,French
tt1000734,English
tt10023024,Hindi
tt10023024,Rajasthani
tt10097312,Mandarin
tt1013860,English
tt10160592,Korean
tt10166602,English
tt10172266,English
tt10228168,Japanese
tt10228168,Mandarin
tt10229558,English
tt1024942,Danish
tt10274284,English
tt10275370,English
tt10276482,English
tt1028528,English
tt10293406,English
tt10320050,Turkish
tt1032815,English
tt10350626,Hindi
tt10365730,English
tt10365730,Chinese
tt10380768,English
tt1043651,English
tt1045772,English
tt1045772,Spanish
tt1046163,English
tt10466872,English
tt10472884,Japanese
tt10473306,English
tt10484164,English
tt1050160,Japanese
tt10516352,Turkish
tt10546058,English
tt10556338,English
tt10562574,Thai
tt10648342,English
tt10653784,English
tt10692788,English
tt10692788,French
tt10692788,Arabic
tt10692788,Urdu
tt10731768,English
tt10752004,English
tt10763618,Korean
tt1077368,English
tt10776484,German
tt10803634,Malay
tt10847306,English
tt10888876,Swedish
tt10919132,Kannada
tt10919420,Korean
tt10919420,English
tt10919420,Urdu
tt10935560,Italian
tt10950320,English
tt10972026,English
tt11032374,Japanese
tt11058644,Korean
tt11060882,English
tt1107319,English
tt11079148,English
tt11079148,Latin
tt1108209,English
tt11100856,English
tt1114265,English
tt11143196,Kannada
tt1114677,English
tt11198330,English
tt11214590,English
tt11214590,Italian
tt11214590,Arabic
tt11214590,Spanish
tt11214590,Japanese
tt11214590,French
tt11252248,English
tt11252248,Spanish
tt11252248,Arabic
tt11269026,Spanish
tt1128075,Japanese
tt11281220,Turkish
tt11281220,Persian
tt11286314,English
tt1132620,Swedish
tt1132620,English
tt1133985,English
tt1135989,Hebrew
tt1135989,English
tt1135989,Arabic
tt1135989,Russian
tt11365186,English
tt1137470,English
tt1137470,Portuguese
tt11384004,Telugu
tt11384200,English
tt11384690,N/A
tt11388406,English
tt11417508,English
tt11423214,English
tt1152282,Thai
tt11546816,Thai
tt1155056,English
tt1160419,English
tt1160419,Mandarin
tt1161624,English
tt11704040,English
tt1172994,English
tt11768948,None
tt1179034,English
tt1179034,French
tt1179034,Mandarin
tt1179034,German
tt11823076,English
tt1182350,English
tt1182350,Italian
tt11835714,English
tt11859012,English
tt11904786,English
tt11912196,Hindi
tt1194271,English
tt1194664,Japanese
tt12054414,English
tt12057168,Russian
tt12120130,English
tt1213644,English
tt1216487,Swedish
tt1216487,Italian
tt1216487,English
tt1216487,French
tt1218336,English
tt1220619,English
tt1223933,German
tt12252958,N/A
tt1226236,Italian
tt1226236,Russian
tt1226236,English
tt1226240,English
tt12263866,Chinese
tt12299432,Chinese
tt12312854,English
tt1231460,English
tt1231593,English
tt1232207,English
tt1232207,Russian
tt1232207,Spanish
tt12338128,English
tt1234719,English
tt1234719,Korean
tt12439466,Turkish
tt12439466,Spanish
tt12439466,Portuguese
tt1245091,English
tt1245526,English
tt1245526,Russian
tt1250757,Indonesian
tt1250757,Minangkabau
tt12536776,Spanish
tt12540080,Spanish
tt12588092,Japanese
tt1260567,English
tt12688688,English
tt1270761,English
tt1275863,Hindi
tt12851366,English
tt12851512,English
tt1286677,Turkish
tt12879624,Japanese
tt12879624,English
tt12879624,French
tt12879624,Spanish
tt12879624,Italian
tt12879624,German
tt1292042,English
tt12929990,English
tt13155222,English
tt1318056,English
tt1319636,English
tt1320304,English
tt13269536,English
tt1330018,English
tt1330018,Norwegian
tt13315324,English
tt13318942,English
tt1333125,English
tt13364468,Hindi
tt13405778,English
tt13430858,English
tt13430858,Urdu
tt13430858,Arabic
tt1343097,Swedish
tt13444014,English
tt1345836,English
tt1345836,Arabic
tt1369845,English
tt1369845,Russian
tt13729062,Hindi
tt1375598,English
tt1379161,English
tt1380224,Spanish
tt1381055,English
tt13819562,German
tt1382246,English
tt13846542,Polish
tt1385543,English
tt13885280,English
tt1391579,English
tt13938338,Portuguese
tt13938338,English
tt1399103,English
tt1399103,Russian
tt1399952,Russian
tt14014068,English
tt1403214,German
tt1403214,English
tt1403214,Swahili
tt1407050,English
tt1407050,French
tt14107778,English
tt1414111,English
tt14173880,English
tt14184932,English
tt1422020,English
tt1422020,Spanish
tt1422800,English
tt1429449,English
tt14298328,English
tt1430077,English
tt14344690,English
tt14365434,Bengali
tt1436559,English
tt14464962,English
tt14486678,Turkish
tt14535168,English
tt14586350,English
tt1459012,French
tt1459012,English
tt1459012,Japanese
tt1462041,English
tt1463208,German
tt1463208,Mandarin
tt1463208,English
tt14703382,Arabic
tt1471156,English
tt14852420,Bengali
tt1485698,Polish
tt1486185,English
tt1487118,English
tt1487118,German
tt1490017,English
tt1490017,Turkish
tt14948432,English
tt14966898,English
tt15004156,English
tt15017118,English
tt15017118,Navajo
tt1507563,English
tt15109082,Irish Gaelic
tt15109082,English
tt15109082,Gaelic
tt15132930,Spanish
tt1513713,Turkish
tt1513713,Sign
tt15140592,Korean
tt1515091,English
tt1515091,French
tt1515091,Italian
tt1515091,German
tt1515091,Romany
tt15176202,English
tt15185242,English
tt15239678,English
tt15289042,Japanese
tt1532577,English
tt15331462,English
tt15340724,Korean
tt1541874,English
tt15424742,Swedish
tt15463032,English
tt15464988,English
tt15497220,English
tt15521050,English
tt15521050,Italian
tt15553956,Korean
tt15560132,English
tt15567174,English
tt1568346,English
tt1568346,Swedish
tt1569923,English
tt1570728,English
tt15787870,Spanish
tt1582507,English
tt1584943,English
tt1587828,Portuguese
tt1590763,N/A
tt1596557,English
tt1599348,English
tt1599348,Afrikaans
tt1603915,Mandarin
tt16085592,English
tt1608777,Hindi
tt1608777,Punjabi
tt1608777,English
tt1610447,English
tt1616984,English
tt1617145,Norwegian
tt1618447,French
tt1618447,German
tt1618447,Danish
tt1618447,English
tt16227014,French
tt16227014,English
tt1625724,English
tt16259786,English
tt16307970,English
tt1638002,English
tt1638328,French
tt1638328,English
tt16427398,English
tt1646212,English
tt1646974,French
tt1646974,English
tt1646974,Arabic
tt1646974,Slovak
tt1646982,Malay
tt1646982,Cantonese
tt1646982,Mandarin
tt1648190,English
tt1649780,English
tt1668195,Swedish
tt1677053,English
tt1684910,English
tt1690455,English
tt1698648,English
tt1698648,French
tt1698648,Romanian
tt1698648,Dutch
tt1698648,Mandarin
tt1705120,Bulgarian
tt1705120,English
tt1712187,Italian
tt1719068,English
tt1726252,English
tt1726252,German
tt1730549,English
tt1731141,English
tt1731947,Japanese
tt1746246,Russian
tt1748179,English
tt1748260,English
tt17639060,Mandarin
tt17736234,Japanese
tt17736234,English
tt1779471,German
tt1786368,Turkish
tt1790885,English
tt1790885,Arabic
tt1790885,Urdu
tt1790885,Pashtu
tt1790885,French
tt1801116,English
tt1801117,English
tt1801118,English
tt1801119,English
tt1801121,English
tt1807950,Turkish
tt1807950,French
tt1810710,English
tt1810710,Persian
tt1817676,English
tt1817676,Spanish
tt1821694,English
tt1821694,Russian
tt1821694,French
tt1821694,Persian
tt1821694,Korean
tt18247152,N/A
tt1826940,English
tt18332450,French
tt18332450,Sign
tt18332450,English
tt18376122,English
tt1838603,English
tt1838603,French
tt1839642,English
tt18411490,Hindi
tt18411490,English
tt18411490,Vietnamese
tt1843287,Japanese
tt1853620,English
tt1854236,English
tt1854236,Danish
tt1854236,Italian
tt1854254,Mandarin
tt1856010,English
tt1859438,Thai
tt1859650,English
tt1859650,Italian
tt1863201,English
tt1869347,English
tt1872877,English
tt1901024,English
tt1906323,English
tt1918651,English
tt1920913,Telugu
tt1920913,Malayalam
tt19231492,English
tt1928340,English
tt1928340,Middle English
tt1928340,Indonesian
tt1933311,English
tt1935156,English
tt1935156,Spanish
tt1935156,French
tt1935156,German
tt1935302,English
tt1941466,Japanese
tt1942884,English
tt1942884,French
tt1951216,English
tt19637052,English
tt1964624,French
tt1974198,English
tt19760262,English
tt1976989,English
tt1981115,English
tt1985949,English
tt1998163,English
tt2011366,English
tt2011366,Chinese
tt20115096,English
tt20115096,Vietnamese
tt2014554,English
tt2015348,Japanese
tt2016894,Hindi
tt2016894,English
tt20198716,Spanish
tt2023453,English
tt2024358,English
tt2024396,Spanish
tt20452218,French
tt2061527,Japanese
tt2079466,English
tt2079466,French
tt2082482,English
tt2083379,English
tt2083379,Spanish
tt2084970,English
tt2084970,German
tt20859464,English
tt2088003,English
tt2088003,Finnish
tt2091256,English
tt2091256,German
tt2098632,English
tt2100573,English
tt21059520,English
tt2119543,English
tt2121839,Japanese
tt2124787,English
tt21249134,Indonesian
tt21257212,French
tt2130242,Hindi
tt2132485,English
tt2141751,English
tt2153778,English
tt2158686,Thai
tt2158686,English
tt2166834,English
tt21688772,Hindi
tt2179087,English
tt2183014,English
tt2185022,N/A
tt2186995,English
tt2192016,English
tt2205697,English
tt22086334,Hindi
tt2210547,German
tt2220414,N/A
tt2222042,English
tt2222164,Italian
tt2226321,English
tt22297712,Japanese
tt22297712,English
tt2234261,English
tt2234261,French
tt2243537,English
tt2243537,Spanish
tt22488728,Tamil
tt2251281,English
tt2251519,Czech
tt2257218,English
tt2267998,English
tt22727518,Turkish
tt2275743,English
tt2275743,German
tt2277834,English
tt2279339,English
tt2279373,English
tt2287214,English
tt2287214,Romanian
tt2292621,English
tt2298384,French
tt2298384,English
tt2309312,Japanese
tt2309312,English
tt2311802,Russian
tt2313197,English
tt2316369,English
tt2318092,English
tt2318405,Russian
tt2318405,German
tt2318625,Hebrew
tt2318625,Arabic
tt2318625,English
tt2321542,Japanese
tt2321542,English
tt2321542,Korean
tt2321542,German
tt2326554,Persian
tt2328549,English
tt2334879,English
tt2354505,English
tt2372251,English
tt2386826,English
tt2387433,English
tt2392680,English
tt2395247,English
tt2397461,English
tt2397461,Spanish
tt2397461,Russian
tt2397461,Mandarin
tt24018360,Swedish
tt2402101,English
tt2411008,English
tt2443022,English
tt2446612,English
tt2452042,English
tt2494376,English
tt2507174,Japanese
tt2512582,English
tt2523832,English
tt2543796,English
tt2577172,English
tt2578426,English
tt2580046,French
tt2580046,Korean
tt2580046,English
tt2582496,English
tt25899504,English
tt26229508,Korean
tt26258200,Korean
tt2635474,French
tt2639344,English
tt2639344,Russian
tt26413708,Romanian
tt26426076,English
tt26453369,English
tt2650978,German
tt2650978,English
tt2652118,English
tt26596953,Polish
tt2664880,Norwegian
tt2704998,English
tt27051027,Kannada
tt27054481,English
tt2709022,French
tt2734628,English
tt2734628,Burmese
tt2737206,English
tt27502265,Mandarin
tt2756032,English
tt27655393,Telugu
tt27930156,Hindi
tt28066777,English
tt28073548,English
tt28076458,Mandarin
tt28076458,Chinese
tt28131729,Chinese
tt28182736,English
tt28197236,English
tt28197236,Italian
tt28228754,Turkish
tt2866824,English
tt2872724,English
tt2872750,None
tt2872750,English
tt2873282,English
tt2873282,Russian
tt2873282,Hungarian
tt2910508,English
tt2911674,English
tt2914740,English
tt3014284,English
tt30446769,Korean
tt30517551,English
tt30517551,German
tt30517551,French
tt3058736,English
tt3068194,English
tt3068194,French
tt3073256,Bengali
tt30845371,Chinese
tt3089326,Spanish
tt3115906,English
tt31193442,English
tt31250580,English
tt31497750,English
tt3155734,English
tt3172532,English
tt3173678,English
tt3204012,Japanese
tt3204144,French
tt3260524,English
tt3263436,English
tt3278540,English
tt3278540,French
tt3313102,English
tt3317234,English
tt3359350,English
tt3366668,English
tt3387520,English
tt3397556,English
tt3399042,French
tt3469052,Korean
tt3479858,Bengali
tt3479858,Hindi
tt3479858,Tamil
tt3513498,English
tt3514886,English
tt3565486,Turkish
tt3565486,Italian
tt3585004,Mandarin
tt3591696,English
tt3606888,English
tt3631112,English
tt3631112,Spanish
tt3666024,None
tt3697842,English
tt3748172,English
tt3759370,French
tt3759370,Flemish
tt3759370,English
tt3759370,Italian
tt3759370,Hebrew
tt3771570,Polish
tt3774694,English
tt3774694,French
tt3780208,English
tt3853830,English
tt3881026,Finnish
tt3881026,English
tt3889156,English
tt3896738,English
tt3908142,English
tt3911554,English
tt3950078,Mandarin
tt3950078,English
tt3981658,Mandarin
tt3986586,English
tt3998324,English
tt4003440,English
tt4003440,German
tt4003440,Italian
tt4030442,English
tt4031224,Korean
tt4061080,English
tt4062536,English
tt4074502,Swiss German
tt4074502,English
tt4074502,German
tt4103724,English
tt4116284,English
tt4129870,English
tt4137902,English
tt4159076,English
tt4162866,English
tt4171544,English
tt4176826,German
tt4209492,English
tt4209788,English
tt4224754,English
tt4267026,English
tt4273562,Japanese
tt4273562,English
tt4280606,English
tt4353250,English
tt4447518,English
tt4481514,English
tt4500922,English
tt4509840,English
tt4509840,Serbian
tt4547056,English
tt4568328,Czech
tt4572820,English
tt4578474,English
tt4595186,English
tt4595186,Spanish
tt4599430,Nepali
tt4630550,French
tt4666618,English
tt4686844,English
tt4699388,French
tt4699388,English
tt4702300,English
tt4741310,Italian
tt4742700,English
tt4761916,English
tt4761916,American Sign
tt4761916,Indonesian
tt4770018,English
tt4787052,Turkish
tt4791322,Spanish
tt4795016,Japanese
tt4801682,Telugu
tt4805316,English
tt4805316,French
tt4805316,German
tt4823776,English
tt4823776,Arabic
tt4823776,Ukrainian
tt4823776,Irish Gaelic
tt4850642,English
tt4877122,English
tt4877122,Spanish
tt4901756,Russian
tt4922692,Spanish
tt4922692,English
tt4922692,Spanish Sign
tt4943998,English
tt4943998,Chinese
tt4970294,English
tt5017192,Punjabi
tt5017192,Hindi
tt5057140,English
tt5058828,English
tt5066556,Korean
tt5066556,Japanese
tt5068650,English
tt5096470,English
tt5098128,Telugu
tt5112578,English
tt5133998,Turkish
tt5160614,English
tt5164432,English
tt5164432,German
tt5164432,French
tt5177088,English
tt5232622,English
tt5247042,English
tt5247042,French
tt5258128,English
tt5266218,Tamil
tt5266218,Telugu
tt5281134,English
tt5302658,English
tt5308322,English
tt5308322,Spanish
tt5311542,German
tt5311542,Russian
tt5323662,Japanese
tt5323662,Japanese Sign
tt5323662,English
tt5339462,Spanish
tt5397520,English
tt5460530,English
tt5465496,Bengali
tt5478730,English
tt5575678,Korean
tt5581752,English
tt5600406,N/A
tt5607976,English
tt5611978,Catalan
tt5634998,English
tt5695180,Croatian
tt5700176,English
tt5729304,English
tt5753856,German
tt5768632,Turkish
tt5768632,Indian Sign
tt5779228,English
tt5785170,Hindi
tt5834800,English
tt5844304,English
tt5845332,English
tt5850588,Portuguese
tt5866284,English
tt5876392,Hindi
tt5898016,Russian
tt5927634,English
tt5936866,English
tt5956100,Hindi
tt5956100,English
tt5995602,Kannada
tt6007398,German
tt6007398,Arabic
tt6007398,Bosnian
tt6007398,Serbo-Croatian
tt6010216,English
tt6012380,English
tt6048596,English
tt6053512,English
tt6082614,German
tt6082614,English
tt6089664,English
tt6095472,English
tt6107548,English
tt6121444,French
tt6121444,English
tt6121444,Arabic
tt6132720,Turkish
tt6132720,Greek
tt6138404,English
tt6143422,Hindi
tt6204018,Swedish
tt6205862,English
tt6263222,Korean
tt6286736,English
tt6300838,Japanese
tt6335734,Japanese
tt6350332,N/A
tt6402468,German
tt6402468,English
tt6402468,Arabic
tt6450804,English
tt6450804,Spanish
tt6520654,Arabic
tt6562866,English
tt6565702,English
tt6565702,French
tt6571548,Hindi
tt6571548,English
tt6633182,English
tt6718170,English
tt6735740,English
tt6763664,English
tt6832388,English
tt6874762,English
tt6876788,English
tt6892400,Italian
tt6893836,English
tt6905542,English
tt6966692,English
tt6966692,Italian
tt6966692,Russian
tt6966692,German
tt6967980,Hindi
tt7129636,English
tt7201846,French
tt7201846,Russian
tt7211438,Urdu
tt7264080,English
tt7466442,English
tt7466442,German
tt7479692,Kannada
tt7492256,English
tt7564016,Kannada
tt7598448,English
tt7608028,English
tt7644680,English
tt7657566,English
tt7657566,French
tt7657566,German
tt7772602,English
tt7808566,English
tt7853242,Hindi
tt7918842,Swedish
tt7972012,French
tt7972012,Russian
tt7972012,German
tt7991608,English
tt7991608,Russian
tt7991608,Italian
tt7991608,Spanish
tt7991608,Indonesian
tt8006374,Russian
tt8006374,English
tt8010354,English
tt8097030,English
tt8097030,Cantonese
tt8097030,Korean
tt8110246,English
tt8119680,Korean
tt8123886,Korean
tt8130518,English
tt8201142,English
tt8246058,Cantonese
tt8246058,English
tt8254556,French
tt8254556,Flemish
tt8254556,English
tt8254880,Japanese
tt8259114,English
tt8265928,French
tt8265928,English
tt8269120,N/A
tt8310486,English
tt8310674,English
tt8356394,English
tt8386654,English
tt8427140,English
tt8433210,English
tt8508734,English
tt8508734,Dinka
tt8521778,English
tt8543390,English
tt8725166,English
tt8824648,Thai
tt8847740,N/A
tt8907992,Hindi
tt8907992,English
tt8993398,Japanese
tt8993398,French
tt8993398,German
tt8993398,English
tt9026184,English
tt9046556,English
tt9063902,Spanish
tt9063902,Catalan
tt9071322,English
tt9071322,Korean
tt9135260,English
tt9145880,Korean
tt9159144,English
tt9179284,Japanese
tt9204328,English
tt9243804,English
tt9243804,Latin
tt9248940,Hindi
tt9252508,English
tt9286542,English
tt9315722,N/A
tt9319380,English
tt9325320,Swedish
tt9325320,German
tt9354842,English
tt9398640,English
tt9448932,English
tt9522300,Japanese
tt9522300,English
tt9561862,English
tt9614090,English
tt9632590,French
tt9632590,Italian
tt9632590,English
tt9685282,Chinese
tt9688874,Telugu
tt9688874,Kannada
tt9688874,Tamil
tt9721776,Turkish
tt9721776,Kurdish
tt9731534,English
tt9801400,English
tt9827834,English
tt9838428,Japanese
tt9860728,English
tt9869424,English
